IN>DT>NN,0
DT>NN>IN,1
VBG>IN>DT,2
NN>IN>DT,3
DT>JJ>NN,4
IN>DT>JJ,5
",>VBG>IN",6
"DT>NN>,",7
DT>NN>.,8
IN>DT>NNS,9
IN>PRP$>NN,10
JJ>NN>IN,11
"NN>,>CC",12
"JJ>NN>,",13
NN>IN>NN,14
IN>PRP>VBD,15
VBG>IN>PRP,16
NNS>IN>DT,17
VBG>IN>PRP$,18
IN>DT>NNP,19
VBD>DT>NN,20
"NN>,>VBG",21
JJ>NN>.,22
DT>NNS>IN,23
",>PRP>VBD",24
DT>NN>VBD,25
"IN>NN>,",26
NN>IN>NNP,27
VBD>IN>DT,28
NN>IN>PRP$,29
IN>PRP$>NNS,30
IN>NN>IN,31
"IN>NNP>,",32
"NN>,>IN",33
VBN>IN>DT,34
VBG>IN>NNP,35
IN>NNP>NNP,36
RB>IN>DT,37
"PRP$>NN>,",38
IN>NN>.,39
VBG>IN>NN,40
IN>PRP$>JJ,41
"NN>,>PRP",42
",>IN>DT",43
DT>JJ>NNS,44
PRP>VBD>DT,45
PRP>VBD>RB,46
"NN>,>VBD",47
IN>JJ>NN,48
PRP$>NN>IN,49
PRP$>JJ>NN,50
IN>JJ>NNS,51
JJ>NNS>IN,52
PRP>VBD>IN,53
"NN>,>DT",54
"NNP>,>VBG",55
"NNP>NNP>,",56
VBD>DT>JJ,57
TO>VB>DT,58
IN>NNP>.,59
"JJ>NNS>,",60
DT>NN>NN,61
NN>IN>PRP,62
",>CC>DT",63
PRP>MD>VB,64
",>CC>VBD",65
"NNS>,>CC",66
VB>DT>NN,67
PRP$>NN>.,68
PRP>VBD>VBN,69
NN>TO>VB,70
VBD>TO>VB,71
",>DT>NN",72
NNP>IN>NNP,73
",>CC>IN",74
DT>NN>CC,75
NNS>IN>NN,76
VBD>VBN>IN,77
NN>CC>NN,78
"DT>NNS>,",79
CC>DT>NN,80
TO>VB>IN,81
JJ>IN>DT,82
VBG>IN>JJ,83
IN>PRP>.,84
"RB>,>VBG",85
VBD>RB>IN,86
NN>VBD>VBN,87
NN>IN>JJ,88
"NNS>,>VBG",89
MD>RB>VB,90
PRP>IN>DT,91
DT>NNP>IN,92
NN>HYPH>NN,93
DT>NN>RB,94
NN>PRP>VBD,95
",>CC>RB",96
NNP>IN>DT,97
DT>NNS>.,98
IN>PRP>MD,99
NN>IN>NNS,100
IN>IN>DT,101
DT>NNS>VBD,102
"IN>PRP>,",103
"NNP>,>CC",104
JJ>TO>VB,105
VBD>PRP$>NN,106
"PRP$>NNS>,",107
DT>NNP>NNP,108
",>VBD>DT",109
VB>IN>DT,110
IN>CD>NNS,111
JJ>NNS>.,112
NN>VBD>IN,113
IN>NN>CC,114
JJ>NN>VBD,115
NNP>NNP>.,116
NN>MD>VB,117
",>CC>VBG",118
NNS>CC>NNS,119
JJ>CC>JJ,120
VBD>RB>VBN,121
VBG>IN>CD,122
DT>NN>PRP,123
DT>NN>WDT,124
NN>VBD>RB,125
PRP$>NN>VBD,126
TO>VB>PRP,127
MD>VB>VBN,128
DT>JJ>JJ,129
IN>NNS>IN,130
DT>NN>HYPH,131
"NNP>,>IN",132
JJ>JJ>NN,133
NNP>POS>NN,134
CC>IN>DT,135
RP>IN>DT,136
VBG>IN>IN,137
"NN>,>NNP",138
RB>JJ>IN,139
",>DT>JJ",140
",>IN>PRP",141
NNS>IN>NNP,142
PRP$>NNS>.,143
PRP>MD>RB,144
VBD>PRP>IN,145
PRP>VBD>JJ,146
IN>PRP>IN,147
VBD>RB>JJ,148
VB>DT>JJ,149
"IN>NNS>,",150
"DT>NNP>,",151
CD>NNS>IN,152
"JJ>,>CC",153
NN>WDT>VBD,154
VBG>IN>NNS,155
PRP$>NNS>IN,156
IN>NNP>VBD,157
"NN>,>RB",158
VBD>RB>RB,159
TO>VB>PRP$,160
NNS>VBD>VBN,161
CC>VBD>IN,162
NNP>VBD>IN,163
PRP$>JJ>NNS,164
CD>IN>DT,165
"NNS>,>VBD",166
DT>NN>TO,167
NN>NN>IN,168
NN>VBD>DT,169
NN>IN>CD,170
NNP>CC>NNP,171
CC>DT>JJ,172
VB>VBN>IN,173
VBD>IN>PRP,174
PRP>VBD>TO,175
VBG>DT>NN,176
RB>VBN>IN,177
JJ>NNS>CC,178
IN>NNP>IN,179
WDT>PRP>VBD,180
"NN>NN>,",181
VBD>RP>IN,182
NNS>IN>PRP$,183
"NNS>,>IN",184
NNP>NNP>NNP,185
PRP>VBD>PRP,186
NN>DT>NN,187
RB>RB>IN,188
VBN>TO>VB,189
",>CC>PRP",190
NN>CC>VBD,191
",>NNP>VBD",192
MD>VB>DT,193
"NNS>,>DT",194
IN>NNP>POS,195
JJ>NN>CC,196
CC>VBD>DT,197
IN>DT>VBG,198
VBD>IN>NN,199
MD>VB>IN,200
IN>PRP>VBP,201
NN>NN>.,202
IN>DT>IN,203
NN>IN>WDT,204
NNP>NNP>VBD,205
DT>NNP>.,206
VB>PRP$>NN,207
RB>JJ>NN,208
",>VBD>IN",209
",>CC>,",210
"CC>,>VBG",211
NN>POS>NN,212
"JJ>,>VBG",213
"NNP>,>DT",214
RB>VBD>DT,215
TO>VB>RB,216
VBN>IN>NN,217
"POS>NN>,",218
"PRP>,>CC",219
IN>DT>NNPS,220
"NNS>,>PRP",221
IN>NNP>CC,222
IN>CD>IN,223
VBD>IN>PRP$,224
"DT>JJ>,",225
",>NNP>NNP",226
"RB>,>CC",227
PRP>TO>VB,228
TO>VB>VBN,229
",>DT>NNS",230
NN>CC>DT,231
NNP>NNP>IN,232
DT>NNS>CC,233
CC>JJ>NNS,234
",>IN>PRP$",235
"VBD>VBN>,",236
CC>JJ>NN,237
RB>DT>NN,238
VBD>VBN>VBN,239
WRB>PRP>VBD,240
IN>NN>VBD,241
",>IN>IN",242
",>VBD>RB",243
NN>VBN>IN,244
"RB>RB>,",245
PRP$>NNS>VBD,246
"PRP>VBD>,",247
VB>PRP>IN,248
DT>VBG>NN,249
VBD>VBN>.,250
NNS>IN>PRP,251
"HYPH>NN>,",252
VBG>IN>RB,253
"RB>,>IN",254
VBN>IN>PRP,255
CC>NN>IN,256
DT>JJ>CC,257
PRP>RB>VBD,258
"CC>NN>,",259
"CD>NNS>,",260
PRP>VBD>RP,261
VBD>DT>NNS,262
DT>NN>VBG,263
NNS>VBD>RB,264
VBD>JJ>IN,265
RB>DT>JJ,266
JJ>NNS>VBD,267
NNS>TO>VB,268
",>DT>NNP",269
CC>VBD>RB,270
PRP$>NN>CC,271
RB>IN>PRP$,272
"NN>,>WDT",273
"NNP>,>NNP",274
RB>IN>PRP,275
",>WP>VBD",276
TO>VB>.,277
IN>PDT>DT,278
VBD>RB>VB,279
RB>TO>VB,280
DT>NN>MD,281
DT>NN>VBZ,282
VBN>IN>NNP,283
",>IN>NN",284
"VBN>,>CC",285
"RB>JJ>,",286
",>VBN>IN",287
PDT>DT>NN,288
"TO>VB>,",289
IN>NNS>.,290
VBZ>DT>NN,291
NN>IN>VBG,292
IN>WDT>PRP,293
VBD>VBN>RB,294
",>VBD>VBN",295
"NNP>,>VBD",296
CC>DT>NNS,297
"VBD>JJ>,",298
IN>IN>PRP,299
NNS>VBN>IN,300
VB>IN>PRP,301
RB>IN>NN,302
DT>IN>DT,303
TO>VB>JJ,304
DT>NN>DT,305
NNP>VBD>RB,306
CC>PRP>VBD,307
JJ>JJ>NNS,308
NNS>IN>NNS,309
NN>HYPH>NNS,310
VBG>DT>JJ,311
VBD>IN>NNP,312
CC>NN>.,313
NNS>IN>JJ,314
",>RB>,",315
",>IN>NNP",316
"NN>NNS>,",317
NN>RB>IN,318
CC>VBD>PRP,319
DT>NNP>NN,320
WP>VBD>VBN,321
DT>RB>JJ,322
VBN>DT>NN,323
PRP>VBD>PRP$,324
JJ>IN>NN,325
CC>VBG>IN,326
NNP>VBD>VBN,327
NN>VBD>PRP,328
",>RB>IN",329
VBN>VBN>IN,330
VBN>IN>PRP$,331
MD>VB>PRP,332
NNP>VBD>DT,333
WDT>VBD>RB,334
IN>PRP>DT,335
CC>NNS>IN,336
"CC>NNS>,",337
",>WDT>VBD",338
DT>JJ>NNP,339
CC>RB>VBD,340
",>CC>NNP",341
VBD>VBG>IN,342
"CC>NNP>,",343
CD>CC>CD,344
"JJ>,>JJ",345
",>PRP>MD",346
",>NN>IN",347
VBG>TO>VB,348
"NN>RB>,",349
IN>NN>NNS,350
VB>IN>PRP$,351
IN>DT>CD,352
DT>CD>NNS,353
NN>VBD>VBG,354
IN>DT>VBN,355
IN>VBG>DT,356
IN>VBG>IN,357
",>CC>JJ",358
DT>NN>NNS,359
"NN>,>NN",360
HYPH>NN>.,361
DT>NN>POS,362
JJ>NN>WDT,363
VB>TO>VB,364
IN>RB>IN,365
.>.>.,366
CC>CD>NNS,367
RP>DT>NN,368
DT>NNP>VBD,369
DT>NN>VBN,370
IN>NNS>CC,371
NN>RB>.,372
IN>CD>NN,373
RB>VB>VBN,374
NN>VBD>JJ,375
",>MD>VB",376
POS>NN>.,377
",>VBD>PRP",378
RB>VBD>IN,379
IN>NN>NN,380
NN>DT>JJ,381
"VBD>RB>,",382
NN>RB>RB,383
MD>VB>RB,384
VBN>NN>IN,385
IN>DT>RB,386
CC>VBG>DT,387
"NNP>,>PRP",388
"NN>,>VBN",389
",>NNP>,",390
IN>DT>JJR,391
NNP>TO>VB,392
RB>RB>JJ,393
"NN>,>WRB",394
"NNP>,>WP",395
VBD>VBN>DT,396
VB>DT>NNS,397
"RB>,>VBD",398
DT>JJR>NN,399
VBD>PRP>RB,400
PRP>VBP>DT,401
NN>CC>JJ,402
PRP>DT>NN,403
"NNS>,>RB",404
WDT>VBD>IN,405
HYPH>NN>IN,406
CD>NNS>.,407
JJ>NN>VBN,408
RB>VB>IN,409
VB>PRP>.,410
MD>VB>JJ,411
RB>IN>JJ,412
",>IN>RB",413
NNP>CC>DT,414
NNP>NNP>POS,415
",>VBG>DT",416
"NNP>,>CD",417
"VBD>,>IN",418
RB>RB>.,419
VBD>PRP$>NNS,420
EX>VBD>DT,421
IN>PRP>VBZ,422
VBD>NN>IN,423
DT>NN>WRB,424
JJ>NN>DT,425
JJ>NN>NN,426
IN>DT>JJS,427
DT>NN>:,428
PRP$>NNS>CC,429
VBN>IN>JJ,430
PRP>VBD>.,431
JJ>NN>TO,432
IN>NN>TO,433
DT>VBN>NN,434
IN>PRP>RB,435
WRB>DT>NN,436
",>PRP>VBP",437
CC>PRP$>NN,438
NN>IN>IN,439
JJ>NN>HYPH,440
TO>VB>NN,441
NNS>PRP>VBD,442
",>IN>JJ",443
TO>VB>RP,444
DT>JJS>NN,445
"VBD>,>CC",446
IN>CD>CC,447
",>PRP$>NN",448
VBD>JJ>TO,449
RB>VB>DT,450
TO>VB>NNP,451
NN>NNS>.,452
VB>RB>IN,453
VBN>IN>NNS,454
PRP$>NN>RB,455
VBN>RB>RB,456
PRP>VBD>VBG,457
RB>IN>NNP,458
VBD>VBN>PRP,459
VBG>PRP>IN,460
PRP>IN>NN,461
NNS>DT>NN,462
NNS>VBD>IN,463
NNS>WDT>VBD,464
NNP>NNP>CC,465
",>CC>VB",466
CD>NNS>RB,467
"VBG>IN>,",468
JJ>IN>PRP,469
"VB>PRP>,",470
"RB>,>PRP",471
CC>DT>NNP,472
PRP>VBP>RB,473
RB>CD>NNS,474
RB>PRP>VBD,475
NN>IN>RB,476
PRP>IN>PRP$,477
PRP$>NN>POS,478
CC>JJ>IN,479
VBZ>DT>JJ,480
",>PRP>RB",481
RB>VBN>.,482
",>TO>VB",483
CC>PRP$>NNS,484
"VB>,>CC",485
VBP>DT>NN,486
VBN>RP>IN,487
"DT>NNPS>,",488
",>RB>VBD",489
IN>PRP>CC,490
CD>JJ>NNS,491
CC>NNS>.,492
PRP>VBP>VBN,493
PRP>VBP>IN,494
"NN>,>WP",495
"NNP>NN>,",496
"CD>NN>,",497
CC>NNP>NNP,498
"PRP>,>PRP",499
CC>IN>PRP,500
",>CC>PRP$",501
DT>NNS>RB,502
",>VBD>RP",503
"PRP>,>VBG",504
VB>PRP$>NNS,505
JJ>NN>MD,506
JJ>NN>PRP,507
NN>CC>VB,508
NNS>VBG>IN,509
PRP>RB>IN,510
VBD>IN>JJ,511
VBD>RP>DT,512
IN>NN>DT,513
CC>VBD>RP,514
JJ>HYPH>NN,515
"JJ>,>DT",516
IN>EX>VBD,517
",>IN>WDT",518
CC>VBD>PRP$,519
NNS>IN>CD,520
DT>NN>JJ,521
CD>NN>IN,522
",>CC>NN",523
IN>NN>RB,524
VBP>IN>DT,525
RB>VB>PRP,526
CD>IN>PRP$,527
",>WRB>PRP",528
VBD>VBN>TO,529
NN>VBG>IN,530
VBG>NN>.,531
VBD>VBN>RP,532
VB>NN>IN,533
CC>NNP>VBD,534
IN>JJ>JJ,535
WDT>DT>NN,536
JJS>NN>IN,537
JJ>NN>RB,538
DT>NNS>VBN,539
WDT>VBD>VBN,540
IN>IN>NN,541
DT>JJ>IN,542
JJ>IN>PRP$,543
RB>RB>VBN,544
VBD>PRP>.,545
NNS>RB>IN,546
VBG>PRP$>NN,547
RB>VBG>IN,548
VBN>DT>JJ,549
RB>JJ>TO,550
NNS>VBD>DT,551
VBN>NN>.,552
IN>NNS>VBD,553
CC>VBN>IN,554
NNS>MD>VB,555
WDT>MD>VB,556
"RB>VBN>,",557
"VBN>,>IN",558
POS>NN>IN,559
PRP$>NN>MD,560
JJ>IN>JJ,561
NN>VBD>RP,562
"CC>RB>,",563
VBD>RB>.,564
",>VBD>PRP$",565
NNP>IN>PRP$,566
",>JJ>,",567
VBZ>IN>DT,568
JJR>NN>IN,569
VBD>RB>DT,570
",>VBD>TO",571
NN>WDT>DT,572
VBD>PRP$>JJ,573
NN>JJ>IN,574
:>DT>NN,575
VB>JJ>TO,576
DT>JJ>.,577
",>CC>NNS",578
WDT>VBD>DT,579
RB>VB>TO,580
",>NNS>,",581
PDT>DT>NNS,582
"HYPH>NNS>,",583
CC>RB>VBG,584
VBG>RB>IN,585
RB>JJ>NNS,586
NNS>VBD>JJ,587
IN>RB>DT,588
NNS>CC>DT,589
"VBG>NN>,",590
"JJ>,>PRP",591
WDT>DT>JJ,592
RB>JJ>CC,593
"JJ>NNP>,",594
RB>JJ>.,595
"NNPS>,>VBG",596
NN>WDT>PRP,597
NNP>PRP>VBD,598
DT>NN>WP,599
DT>NNS>VBP,600
",>RB>RB",601
",>VBD>JJ",602
CC>VB>DT,603
NN>VBD>TO,604
NN>NNS>IN,605
"IN>,>IN",606
PRP$>NN>HYPH,607
NN>MD>RB,608
NNP>HYPH>NNP,609
IN>WDT>DT,610
PRP>RP>IN,611
NNP>RB>VBD,612
NNS>CC>VBD,613
RB>RB>RB,614
PRP>VBD>NNP,615
"JJ>,>IN",616
DT>NNP>CC,617
CC>TO>VB,618
NN>CC>VBG,619
NN>VBZ>RB,620
DT>RBS>JJ,621
"NNS>,>NNP",622
"VBD>RP>,",623
"RP>,>CC",624
"IN>CD>,",625
PRP>VBZ>DT,626
RB>CC>RB,627
"NNS>,>WDT",628
RB>VBD>PRP$,629
VBN>RB>IN,630
"NNS>,>NNS",631
PRP$>NN>DT,632
VBD>PRP>TO,633
VBD>JJ>CC,634
RP>PRP$>NN,635
"RB>,>DT",636
",>CC>MD",637
VB>RP>DT,638
WP>PRP>VBD,639
"IN>JJ>,",640
VBZ>VBN>IN,641
"NNP>,>NN",642
NN>RB>VBD,643
"CC>JJ>,",644
",>PRP>VBZ",645
PRP>VBZ>RB,646
"VBN>NN>,",647
NNP>VBD>PRP$,648
"NN>,>JJ",649
CD>NNS>JJ,650
DT>NNS>TO,651
VBD>NNS>IN,652
CC>JJ>.,653
VB>VBN>.,654
PRP>VBZ>IN,655
VBG>NN>IN,656
JJ>IN>NNP,657
DT>JJ>HYPH,658
VBG>DT>NNS,659
NNS>VBD>VBG,660
CD>CD>NNS,661
PRP$>NN>TO,662
IN>NN>WDT,663
IN>JJ>IN,664
VBN>IN>VBG,665
NNP>VBD>PRP,666
PRP$>JJ>JJ,667
",>VBG>RB",668
NN>WP>VBD,669
CC>VBG>RB,670
VBD>JJ>NNS,671
NN>NN>CC,672
RB>VBD>PRP,673
DT>NN>NNP,674
VBG>RP>IN,675
VBD>JJ>NN,676
.>''>.,677
DT>NNS>WDT,678
IN>JJ>NNP,679
CC>VBD>TO,680
JJ>NN>VBG,681
NN>CC>RB,682
CC>RB>RB,683
NN>VBZ>DT,684
NN>HYPH>JJ,685
NNP>MD>VB,686
IN>TO>VB,687
VBG>NNS>IN,688
"VBD>,>VBG",689
"VBN>,>DT",690
DT>NNPS>VBD,691
"NN>,>VB",692
RB>IN>IN,693
VBG>IN>EX,694
"NNP>,>RB",695
PRP>IN>PRP,696
CC>RB>IN,697
NN>PRP>MD,698
CC>RB>VB,699
CC>CD>IN,700
VBG>IN>.,701
NNP>IN>NN,702
VB>VBN>DT,703
"NNS>RB>,",704
WP>VBD>IN,705
NN>:>DT,706
"VBD>PRP>,",707
VB>PRP>RB,708
",>JJ>IN",709
VB>RB>JJ,710
"VBN>NNS>,",711
CC>VBG>PRP,712
NNS>IN>VBG,713
VBZ>RB>JJ,714
NN>IN>PDT,715
IN>NN>PRP,716
"IN>DT>,",717
MD>VB>NN,718
",>IN>VBG",719
JJ>NNS>WDT,720
PRP>IN>NNP,721
CC>IN>NN,722
NNS>CC>JJ,723
IN>NN>HYPH,724
VB>IN>NN,725
NNS>CC>NN,726
"VBN>,>PRP",727
PRP>VBD>NNS,728
PRP$>NNS>RB,729
VBD>RP>PRP$,730
VBD>RB>VBG,731
",>CC>VBN",732
RB>VBD>RB,733
PRP>VBP>JJ,734
NN>WRB>DT,735
CC>NNP>.,736
",>IN>NNS",737
",>JJ>NN",738
"NNS>,>WP",739
",>CD>IN",740
PRP$>NN>NN,741
MD>VB>RP,742
HYPH>JJ>NN,743
"PRP>,>VBD",744
VBG>JJ>NN,745
VB>VBN>PRP,746
JJ>NN>:,747
PRP>VBD>NN,748
VBD>CD>NNS,749
"IN>RB>,",750
CC>IN>PRP$,751
CC>VB>PRP,752
PRP>DT>JJ,753
NNS>WP>VBD,754
"PRP>RB>,",755
VB>DT>NNP,756
",>WRB>DT",757
"IN>NNPS>,",758
",>CD>,",759
VB>RB>.,760
IN>IN>NNP,761
VBD>RB>CC,762
"RB>,>RB",763
MD>VB>PRP$,764
"NN>,>CD",765
NN>WRB>PRP,766
"IN>,>VBG",767
IN>IN>PRP$,768
VBD>DT>NNP,769
JJ>NN>NNS,770
NN>CC>CD,771
NNP>NN>.,772
VBD>VBN>JJ,773
"VBN>RB>,",774
NNP>POS>NNS,775
",>RB>JJ",776
"VBG>RB>,",777
JJ>IN>NNS,778
RB>CC>VBD,779
CC>VBD>VBN,780
",>CC>TO",781
"NN>,>VBZ",782
DT>NNPS>IN,783
"NN>,>MD",784
"VB>,>IN",785
VBD>NNP>NNP,786
",>IN>CD",787
CC>PRP>MD,788
RP>IN>PRP$,789
CD>NNS>VBD,790
IN>NN>MD,791
CC>VB>IN,792
",>NN>,",793
WDT>PRP>MD,794
PRP>IN>JJ,795
IN>DT>VBD,796
NN>CC>IN,797
VBD>IN>IN,798
NN>CC>PRP$,799
NNP>NN>IN,800
IN>CD>JJ,801
VBP>DT>NNS,802
RB>HYPH>VBN,803
"NN>,>PRP$",804
"VB>VBN>,",805
VBN>VBN>.,806
IN>PRP>TO,807
JJ>CC>RB,808
NNP>VBD>TO,809
NNP>POS>NNP,810
VBD>JJ>.,811
"RB>VB>,",812
NN>PRP>VBP,813
VBD>VBG>VBN,814
NNPS>IN>DT,815
RP>PRP$>NNS,816
VB>PRP>RP,817
IN>RB>JJ,818
VBD>VBN>CC,819
HYPH>NN>NN,820
VB>IN>NNP,821
NN>VBD>PRP$,822
WDT>VBD>PRP,823
JJ>NNP>IN,824
IN>NNP>MD,825
",>RB>VBG",826
"VB>RB>,",827
RB>VBN>DT,828
VBG>CC>VBG,829
NNS>VBP>VBN,830
VBD>NNP>IN,831
DT>NNS>PRP,832
IN>RB>VBN,833
DT>NNS>VBG,834
NNS>VBZ>VBN,835
",>DT>NNPS",836
NNS>WDT>VBP,837
PRP>VBZ>JJ,838
RP>IN>NNP,839
POS>JJ>NN,840
IN>NN>VBN,841
",>WDT>PRP",842
JJ>HYPH>JJ,843
NN>WDT>VBZ,844
CC>RB>JJ,845
JJ>NNS>RB,846
NNP>CC>PRP$,847
NNS>VBD>RP,848
JJR>IN>DT,849
CC>MD>VB,850
VBD>VBN>NN,851
PRP>VBD>CD,852
JJ>IN>VBG,853
VB>IN>JJ,854
RB>VB>RP,855
DT>NNP>VBZ,856
"NN>VBD>,",857
"CC>,>IN",858
IN>NNS>VBN,859
NNP>VBD>VBG,860
",>WP>,",861
VBN>NN>CC,862
PRP>VBP>PRP,863
RP>IN>PRP,864
VBZ>RB>VBN,865
NN>VBG>VBN,866
VBD>PRP>RP,867
NNS>CC>VBG,868
RB>VB>RB,869
JJS>IN>DT,870
"NN>,>TO",871
JJ>NNS>VBZ,872
DT>JJ>VBD,873
VBN>NNS>IN,874
IN>RB>CD,875
",>CC>WRB",876
VBD>DT>RB,877
VB>RP>PRP$,878
VB>NNS>IN,879
VB>CC>VB,880
NN>VBD>.,881
JJ>NN>JJ,882
WRB>PRP>MD,883
RP>DT>NNS,884
CC>NNS>CC,885
IN>VBG>RB,886
PRP$>NN>NNS,887
NNS>RB>.,888
RB>VBD>RP,889
",>JJ>NNS",890
VBG>IN>PDT,891
MD>RB>RB,892
PRP>RB>RB,893
DT>IN>PRP,894
HYPH>VBN>NN,895
",>VBG>PRP$",896
IN>RB>RB,897
WDT>PRP>VBP,898
"NN>,>NNS",899
"VB>,>PRP",900
VBN>JJ>IN,901
IN>DT>.,902
RB>VB>JJ,903
IN>IN>TO,904
"JJ>,>RB",905
VBD>VBN>PRP$,906
",>DT>CD",907
NN>CC>NNS,908
RBR>JJ>IN,909
NNS>VBD>PRP,910
IN>DT>RBS,911
DT>VBN>NNS,912
IN>HYPH>NN,913
DT>NNPS>.,914
DT>IN>PRP$,915
NN>NNP>.,916
NNS>JJ>IN,917
CC>NN>NNS,918
JJ>NN>WRB,919
VBG>VBN>IN,920
POS>NN>VBD,921
"VBD>NN>,",922
TO>VB>CC,923
IN>CD>.,924
VBD>PRP>DT,925
IN>VBG>NN,926
JJ>NNS>DT,927
",>NNP>IN",928
NN>VBZ>VBN,929
VBN>DT>NNS,930
IN>NNP>TO,931
VBN>PRP>IN,932
",>VBZ>DT",933
RB>RB>VB,934
DT>NNP>HYPH,935
"PRP>,>IN",936
WP>VBD>VBG,937
"NN>,>VBP",938
RP>DT>JJ,939
"WP>,>VBG",940
JJ>NNS>VBP,941
VB>JJ>IN,942
NN>.>'',943
"NNP>CD>,",944
VB>PRP$>JJ,945
",>EX>VBD",946
DT>NNP>NNS,947
PRP>CC>DT,948
WP>VBD>RB,949
.>''>'',950
VBD>PRP>VBD,951
"VBN>VBN>,",952
"VB>JJ>,",953
NNP>IN>CD,954
"NNS>,>MD",955
",>VBG>RP",956
VBD>IN>CD,957
VB>VBN>JJ,958
DT>NNS>MD,959
VBD>IN>RB,960
IN>WDT>VBD,961
NNS>WDT>PRP,962
CC>PRP$>JJ,963
"JJR>NN>,",964
"NNS>,>VBN",965
IN>NNP>PRP,966
NN>NN>RB,967
VB>IN>IN,968
"NNS>,>JJ",969
NN>VBZ>JJ,970
PRP$>NNS>PRP,971
"VBN>,>VBD",972
"NNS>,>NN",973
"CD>,>CD",974
PDT>PRP$>NN,975
VBP>RB>IN,976
VBG>RB>DT,977
VB>RP>IN,978
VB>JJ>NNS,979
VBN>PRP$>NN,980
IN>NNP>CD,981
IN>VBN>NN,982
IN>NNP>NN,983
VBZ>JJ>NN,984
VB>VBN>VBN,985
VB>JJ>.,986
",>VBG>PRP",987
VBP>DT>JJ,988
VBD>RP>CC,989
VBD>CC>VBD,990
",>CC>CD",991
CC>NN>HYPH,992
DT>NNP>POS,993
PRP>RB>.,994
RB>VBN>NN,995
CC>PDT>DT,996
CD>IN>PRP,997
NN>CC>NNP,998
RB>IN>CD,999
CC>VBG>RP,1000
MD>VB>.,1001
VB>RB>RB,1002
RB>RB>CC,1003
NNS>CC>VB,1004
NNP>NNP>RB,1005
VBD>IN>VBG,1006
"NNS>,>WRB",1007
"NN>,>.",1008
"MD>VB>,",1009
HYPH>NN>VBD,1010
"VBG>,>VBD",1011
",>VBD>NN",1012
NNS>RB>VBD,1013
VBN>CC>VBN,1014
DT>WP>VBD,1015
WDT>RB>VBD,1016
DT>VBG>NNS,1017
IN>NNS>WDT,1018
CC>VBG>JJ,1019
IN>CD>CD,1020
VB>PRP>DT,1021
CC>VBG>PRP$,1022
IN>NN>:,1023
RB>VBG>PRP,1024
VBD>VBG>.,1025
JJ>CD>NNS,1026
MD>VB>TO,1027
NN>VBD>NN,1028
CC>NNP>IN,1029
VBP>RB>VB,1030
PRP>VBP>.,1031
VBD>PRP>JJ,1032
WP>VBD>DT,1033
NN>VBG>DT,1034
IN>WDT>NNP,1035
HYPH>VBN>NNS,1036
RP>CC>VBD,1037
HYPH>IN>HYPH,1038
NN>IN>VBN,1039
NNS>RB>RB,1040
JJ>DT>NN,1041
TO>VB>NNS,1042
VBD>VBG>RB,1043
CC>MD>RB,1044
CC>CD>CD,1045
NNP>VBD>JJ,1046
RB>JJR>IN,1047
"RP>,>VBD",1048
IN>WP>PRP,1049
JJ>NNP>NNP,1050
VB>VBN>RB,1051
NNS>VBD>PRP$,1052
WDT>VBD>JJ,1053
VBD>CD>IN,1054
",>VBG>,",1055
VB>JJ>NN,1056
VBG>IN>VBG,1057
IN>RB>VBD,1058
NNS>:>DT,1059
RB>VBN>PRP,1060
NN>:>CC,1061
NNS>CC>CD,1062
"NNP>,>WDT",1063
NNS>CC>IN,1064
",>VBG>JJ",1065
NN>WDT>MD,1066
NNS>POS>NN,1067
NN>RB>JJ,1068
"WDT>,>IN",1069
NN>:>IN,1070
:>PRP>VBD,1071
VBG>RP>.,1072
VBG>PRP$>JJ,1073
IN>PDT>PRP$,1074
VBZ>PRP>IN,1075
IN>PRP$>NNP,1076
CD>NN>.,1077
IN>WDT>NN,1078
WRB>PRP>VBP,1079
"PRP>VBP>,",1080
CD>NNS>CC,1081
IN>NN>WRB,1082
HYPH>NNS>IN,1083
VBD>RB>TO,1084
VBG>RB>.,1085
NN>POS>JJ,1086
RP>IN>NN,1087
PRP>IN>NNS,1088
NNS>IN>IN,1089
VBG>RB>RB,1090
PRP$>NNS>MD,1091
"VBP>JJ>,",1092
PDT>DT>JJ,1093
JJ>NNS>VBN,1094
VBN>IN>IN,1095
DT>JJ>CD,1096
NN>NN>VBD,1097
CD>NNS>CD,1098
NNS>CD>NNS,1099
RB>NN>IN,1100
VBG>PRP>.,1101
VBG>JJ>NNS,1102
NNP>.>NNP,1103
",>VBD>VBG",1104
IN>NNP>NNPS,1105
"VB>RP>,",1106
NN>VBG>RP,1107
IN>VBG>NNS,1108
RB>VBN>TO,1109
VBG>NN>CC,1110
RB>PRP>MD,1111
"VB>NN>,",1112
NNP>VBZ>DT,1113
NN>NN>WDT,1114
JJ>NNS>TO,1115
NN>VBD>CD,1116
NN>NN>VBZ,1117
RBS>JJ>NN,1118
NNS>VBP>JJ,1119
DT>RBR>JJ,1120
NNP>NNS>IN,1121
NN>HYPH>VBN,1122
DT>RB>HYPH,1123
NNS>PRP>VBP,1124
NN>IN>NNPS,1125
RB>RB>VBD,1126
PRP>CC>VBD,1127
RB>RB>VBG,1128
CC>PRP>VBZ,1129
EX>VBD>JJ,1130
NNP>VBD>RP,1131
"RP>,>VBG",1132
CD>IN>NNP,1133
CC>IN>RB,1134
NNP>VBD>NNP,1135
CC>NN>VBD,1136
"PRP>,>NNP",1137
PRP>DT>VBD,1138
CC>IN>NNS,1139
CD>HYPH>CD,1140
VBD>VBG>TO,1141
JJ>JJ>IN,1142
VBD>VBG>RP,1143
"CD>,>VBG",1144
PRP>PRP>VBD,1145
NN>WDT>RB,1146
IN>VBG>PRP,1147
"PRP>,>RB",1148
CC>RB>.,1149
WRB>DT>NNS,1150
DT>NN>PRP$,1151
VBN>PRP$>NNS,1152
IN>NN>POS,1153
",>PRP$>NNS",1154
JJ>NNP>NN,1155
"CD>NNP>,",1156
"VBN>JJ>,",1157
"JJ>,>VBD",1158
IN>JJ>.,1159
NN>VBN>RB,1160
CC>IN>NNP,1161
VBN>RB>JJ,1162
CC>NN>TO,1163
RB>VBG>DT,1164
"JJ>,>NNP",1165
VBN>VBN>RP,1166
RB>VBN>VBN,1167
NNS>VBP>DT,1168
IN>DT>WP,1169
VBP>RB>RB,1170
PRP>RB>JJ,1171
NNP>NNS>.,1172
JJR>NN>.,1173
PRP>JJ>TO,1174
RB>VBN>RB,1175
"VBG>,>CC",1176
POS>NNS>.,1177
RB>VB>PRP$,1178
RB>VBZ>DT,1179
VBP>JJ>NN,1180
"NNP>,>VBN",1181
DT>NNS>POS,1182
"VBZ>JJ>,",1183
HYPH>NN>CC,1184
VBD>RB>CD,1185
",>CC>EX",1186
JJ>NNS>:,1187
VB>IN>NNS,1188
VBP>VBN>RB,1189
NN>VBG>RB,1190
JJ>IN>RB,1191
"VBD>NNS>,",1192
IN>NNS>VBG,1193
NNP>CC>VBD,1194
PRP$>NN>PRP,1195
NNS>VBP>RB,1196
NNP>NNP>CD,1197
VBG>RP>DT,1198
CC>IN>JJ,1199
",>NNP>CC",1200
"NN>VBN>,",1201
PRP$>NN>VBZ,1202
VBP>RB>JJ,1203
VBD>JJ>JJ,1204
NN>CC>VBN,1205
VBP>VBN>IN,1206
VBN>IN>RB,1207
IN>NN>JJ,1208
IN>NN>VBZ,1209
"HYPH>NNP>,",1210
RB>CC>IN,1211
NN>NN>NN,1212
NNP>NNP>VBZ,1213
DT>NNP>NNPS,1214
VBN>IN>CD,1215
PRP>IN>VBG,1216
IN>NNP>DT,1217
"VBD>VBG>,",1218
RB>JJ>JJ,1219
IN>RB>.,1220
POS>NN>CC,1221
"VBG>NNS>,",1222
",>EX>VBZ",1223
VBP>RB>VBN,1224
DT>JJS>NNS,1225
NN>:>RB,1226
VBP>TO>VB,1227
VBG>RP>RB,1228
"VBP>VBN>,",1229
RB>VBD>TO,1230
DT>NNS>WP,1231
VBN>PRP>.,1232
",>WDT>RB",1233
CD>CD>NN,1234
NNP>NNPS>IN,1235
DT>VBG>IN,1236
NNS>MD>RB,1237
DT>VBD>RB,1238
",>CC>.",1239
NNP>NNPS>.,1240
PRP$>VBN>NN,1241
RB>RB>DT,1242
NN>NN>:,1243
:>DT>JJ,1244
VB>IN>VBG,1245
",>MD>RB",1246
VBN>NNS>CC,1247
CD>NNS>PRP,1248
VBP>JJ>NNS,1249
VBG>PRP>TO,1250
JJ>RB>TO,1251
VBD>VBG>DT,1252
CD>NNS>DT,1253
VBG>IN>CC,1254
"PRP>MD>,",1255
PRP$>NNS>TO,1256
"NNP>NNPS>,",1257
NN>:>NNP,1258
JJ>NNS>PRP,1259
"VBN>RP>,",1260
CC>PRP>VBP,1261
WP>PRP>MD,1262
MD>PRP>VB,1263
IN>PRP>PRP,1264
NN>NNP>NNP,1265
NNP>DT>NN,1266
IN>JJS>IN,1267
",>RB>DT",1268
VBG>IN>VBD,1269
",>VBD>NNP",1270
RB>CD>NN,1271
CD>IN>CD,1272
VBD>VBG>PRP,1273
IN>VBG>TO,1274
NN>JJR>IN,1275
VBD>PRP>VB,1276
IN>VBG>RP,1277
NNS>IN>WDT,1278
NNP>IN>PRP,1279
NNP>POS>JJ,1280
VB>NNP>IN,1281
NNP>NNP>NN,1282
"DT>,>VBG",1283
WP>VBD>TO,1284
CC>RB>PRP,1285
NN>DT>NNP,1286
PRP>VBZ>.,1287
"VB>,>DT",1288
RB>PRP$>NN,1289
CC>RB>DT,1290
WDT>PRP$>NN,1291
DT>IN>WDT,1292
VBD>PDT>DT,1293
NN>RB>VBN,1294
VBG>NNS>.,1295
",>VB>PRP",1296
IN>JJ>HYPH,1297
CC>VBG>NNS,1298
"CC>VBD>,",1299
JJ>JJ>CC,1300
NN>VBN>.,1301
"CC>NNPS>,",1302
RBS>JJ>NNS,1303
IN>JJ>DT,1304
NN>PRP>VBZ,1305
"RB>VBD>,",1306
NN>RP>IN,1307
VB>PRP>VB,1308
IN>JJ>CC,1309
",>NNP>RB",1310
"NN>NNP>,",1311
RP>IN>JJ,1312
RP>PRP$>JJ,1313
NN>WRB>PRP$,1314
WRB>PRP$>NN,1315
NNP>IN>NNPS,1316
WDT>PRP$>NNS,1317
DT>MD>VB,1318
VBN>PRP>RB,1319
:>RB>IN,1320
"IN>,>RB",1321
"IN>,>DT",1322
JJ>CC>VBD,1323
CD>PRP>VBD,1324
JJ>IN>IN,1325
",>CD>.",1326
IN>NNP>:,1327
VB>VBG>IN,1328
RB>VBD>NNP,1329
NN>PRP$>NN,1330
NNS>CC>RB,1331
DT>JJ>WDT,1332
IN>VBG>PRP$,1333
NN>POS>NNS,1334
JJ>NNS>VBG,1335
CC>VB>PRP$,1336
JJ>NN>VBZ,1337
NN>VB>DT,1338
"VB>,>VBG",1339
"CC>VBN>,",1340
IN>CC>DT,1341
CC>DT>NNPS,1342
VBD>JJ>RB,1343
NNS>PRP>MD,1344
NNP>VBD>.,1345
VBZ>RB>DT,1346
",>VBG>TO",1347
",>WP>VBZ",1348
CC>VBN>.,1349
DT>JJ>RB,1350
NNP>VBZ>JJ,1351
NN>RB>CD,1352
VB>RB>DT,1353
",>IN>,",1354
CC>RB>CD,1355
VBG>VBN>RB,1356
WP>PRP>VBP,1357
VB>DT>JJR,1358
RB>VB>.,1359
VBP>JJ>IN,1360
WRB>PRP>VBZ,1361
NNS>JJ>.,1362
PRP$>NN>RP,1363
IN>RB>VBG,1364
VB>NN>.,1365
"NNP>VBD>,",1366
VBD>RBR>JJ,1367
JJ>NN>VB,1368
NNP>RB>IN,1369
",>VB>DT",1370
IN>NNS>VBZ,1371
VBN>NNS>.,1372
PRP>VB>IN,1373
"IN>,>PRP",1374
CC>IN>CD,1375
CC>WRB>DT,1376
NN>WDT>PRP$,1377
NNS>CC>VBN,1378
DT>NNPS>CC,1379
"NNS>,>EX",1380
WRB>NNP>VBD,1381
RB>WRB>PRP,1382
",>VBG>NNS",1383
PRP$>JJ>NNP,1384
VBD>RB>RBR,1385
RB>VBN>JJ,1386
"PRP>VBZ>,",1387
NN>NN>PRP,1388
CC>VB>RP,1389
PRP>IN>RB,1390
"VBD>IN>,",1391
RB>IN>VBG,1392
RB>VBZ>IN,1393
NN>NNS>CC,1394
IN>WDT>PRP$,1395
"NN>JJ>,",1396
",>IN>WRB",1397
IN>WRB>PRP,1398
DT>NNS>DT,1399
NN>IN>.,1400
VB>NNP>NNP,1401
VB>NNP>POS,1402
"RB>,>NN",1403
VBD>NNS>.,1404
VBP>PRP$>NN,1405
VB>PRP>TO,1406
VBN>NNP>NNP,1407
VBG>IN>JJS,1408
IN>JJS>DT,1409
",>VBN>RP",1410
VBD>DT>NNPS,1411
VBD>DT>CD,1412
IN>NNS>RB,1413
VBN>PRP>DT,1414
",>CD>NNS",1415
",>NN>.",1416
TO>VB>CD,1417
NNPS>IN>NNP,1418
DT>WDT>VBD,1419
DT>NNP>TO,1420
VBD>PRP>MD,1421
CD>NNS>VBP,1422
PRP$>NNS>DT,1423
NNS>RB>JJ,1424
DT>IN>NNP,1425
"RB>VBG>,",1426
IN>PRP>JJ,1427
RB>IN>RB,1428
JJ>CC>VBN,1429
CC>VBN>NNS,1430
DT>JJS>IN,1431
JJR>TO>VB,1432
CC>VBD>NNP,1433
JJ>NNP>.,1434
",>WP$>NN",1435
RBR>JJ>NNS,1436
VBD>DT>JJS,1437
CC>VB>RB,1438
WRB>DT>JJ,1439
NNS>IN>RB,1440
NNP>VBZ>RB,1441
PRP>RP>.,1442
RB>VBD>VBN,1443
",>NN>VBD",1444
",>RB>.",1445
VBZ>JJ>TO,1446
"POS>NNP>,",1447
",>WP>VBP",1448
WDT>VBZ>IN,1449
"RB>,>NNP",1450
NNP>CC>JJ,1451
"PRP>,>DT",1452
VBN>RB>VBN,1453
",>CC>VBZ",1454
NNP>CC>NN,1455
"POS>NNS>,",1456
IN>NNS>JJ,1457
",>JJ>CC",1458
VBD>RP>RB,1459
HYPH>CD>NNS,1460
EX>VBZ>JJ,1461
NNP>MD>RB,1462
DT>NNS>NNP,1463
NNS>.>'',1464
WDT>VBP>RB,1465
EX>MD>VB,1466
IN>VBG>JJ,1467
EX>VBD>NNS,1468
DT>NNP>RB,1469
"PRP>RP>,",1470
"HYPH>JJ>,",1471
VBN>VBN>TO,1472
VBZ>IN>NN,1473
"VBG>,>VBG",1474
",>RB>VBN",1475
"CC>IN>,",1476
IN>DT>RBR,1477
CC>DT>CD,1478
NNS>RB>CC,1479
VBZ>JJ>IN,1480
VBZ>DT>NNP,1481
"NN>IN>,",1482
VBN>RP>DT,1483
NN>RB>VBG,1484
IN>PRP>:,1485
",>DT>IN",1486
"JJ>JJ>,",1487
",>WDT>,",1488
VB>RB>VBN,1489
IN>IN>JJ,1490
HYPH>JJ>NNS,1491
RB>VBG>RP,1492
CD>CD>IN,1493
PRP>VBZ>PRP,1494
",>NNS>IN",1495
RB>DT>NNP,1496
JJ>IN>WDT,1497
IN>NNP>NNS,1498
VBZ>TO>VB,1499
",>CC>WDT",1500
"NNP>NNS>,",1501
HYPH>NNS>CC,1502
PRP>VBD>CC,1503
",>CD>NNP",1504
VBP>VBN>.,1505
NNPS>VBD>DT,1506
RB>NNP>NNP,1507
DT>VBD>VBN,1508
VBG>RP>PRP$,1509
"PRP$>JJ>,",1510
NNP>NNP>TO,1511
IN>PRP>CD,1512
PRP>CD>CD,1513
VBN>JJ>NN,1514
NN>NNP>IN,1515
VBG>VBN>VBN,1516
DT>VBD>JJ,1517
PRP$>NN>JJ,1518
VBN>RB>.,1519
PRP>IN>CD,1520
VB>RB>CC,1521
",>WP>RB",1522
VBN>NNP>IN,1523
IN>VBG>.,1524
"IN>VBG>,",1525
CC>NNP>POS,1526
VBZ>VBN>VBN,1527
CC>RB>VBN,1528
"VBZ>PRP>,",1529
DT>WP>VBP,1530
CC>VBD>JJ,1531
",>VBG>NN",1532
CC>NN>RB,1533
CC>RB>NN,1534
"NNPS>,>IN",1535
"NNS>JJ>,",1536
"NNPS>,>CC",1537
VBD>DT>VBG,1538
IN>IN>CD,1539
"CD>,>VBD",1540
NN>CC>VBZ,1541
VBD>NNP>TO,1542
VB>PRP>JJ,1543
",>CD>CD",1544
VBG>VBN>DT,1545
EX>VBZ>DT,1546
WDT>VBZ>PRP,1547
EX>VBD>RB,1548
VBN>RP>CC,1549
DT>NNS>:,1550
CD>IN>NN,1551
NNS>VBD>TO,1552
"CD>,>WP",1553
NNP>NNP>-LRB-,1554
VBP>RB>.,1555
NNP>CD>NN,1556
"VBD>NNP>,",1557
"NNP>,>WRB",1558
CC>JJ>JJ,1559
NN>IN>CC,1560
PRP>VBP>VBG,1561
WDT>VBP>JJ,1562
VBZ>RB>RB,1563
"VBN>PRP>,",1564
''>''>CC,1565
IN>WP>VBD,1566
VBZ>RB>IN,1567
"CD>,>DT",1568
",>VBZ>RB",1569
NNP>NN>NN,1570
WDT>VBD>NN,1571
RB>CC>JJ,1572
JJ>IN>CD,1573
JJ>NNS>WP,1574
VBD>NN>.,1575
VBD>NNP>POS,1576
IN>DT>DT,1577
NN>VBN>TO,1578
"CD>,>IN",1579
RB>DT>IN,1580
",>RB>NN",1581
DT>NN>VBP,1582
NN>VBP>RB,1583
RP>IN>NNS,1584
NN>HYPH>IN,1585
",>WP>PRP",1586
VBN>PRP>TO,1587
VB>NNP>CC,1588
"VBD>,>DT",1589
",>CC>VBP",1590
RBR>JJ>NN,1591
IN>VBG>VBN,1592
"NN>CC>,",1593
IN>VBN>NNS,1594
NN>VBN>NNP,1595
RB>IN>NNS,1596
RB>CD>CD,1597
VBG>IN>WDT,1598
JJR>IN>CD,1599
DT>NNP>DT,1600
VB>DT>IN,1601
"NNP>,>MD",1602
VBN>RB>DT,1603
CD>NN>NNP,1604
"RP>,>IN",1605
NN>TO>WDT,1606
VB>RP>RB,1607
VBG>IN>NNPS,1608
NNP>VBD>NN,1609
IN>NNP>VBG,1610
"VBP>,>IN",1611
JJ>JJ>NNP,1612
",>DT>VBN",1613
"IN>IN>,",1614
",>RB>PRP",1615
JJ>NNP>VBD,1616
IN>JJR>NN,1617
NNP>NNP>PRP,1618
DT>NNPS>RB,1619
"VBN>,>RB",1620
VBZ>IN>PRP$,1621
RB>RBR>JJ,1622
NN>DT>NNS,1623
IN>NNPS>.,1624
DT>NNP>WDT,1625
PRP>IN>PDT,1626
VBN>PRP>VBD,1627
VB>PDT>DT,1628
"DT>,>CC",1629
"VBN>,>PRP$",1630
VB>CD>IN,1631
MD>VB>VBG,1632
POS>NNS>VBD,1633
CC>VBZ>DT,1634
NN>RB>CC,1635
RP>TO>VB,1636
PRP>VBP>PRP$,1637
VBN>VBG>IN,1638
JJS>DT>NN,1639
WP>RB>VBD,1640
"VB>NNP>,",1641
IN>IN>NNS,1642
IN>CD>TO,1643
NNP>:>DT,1644
NN>NNS>VBD,1645
VBG>RB>TO,1646
PRP>VBD>MD,1647
VBP>DT>NNP,1648
IN>PRP$>VBN,1649
CC>NN>NN,1650
JJ>NN>NNP,1651
HYPH>NN>HYPH,1652
"JJS>NN>,",1653
CC>NNS>WDT,1654
PRP>VBG>IN,1655
NNP>DT>JJ,1656
JJ>NNP>NNS,1657
HYPH>JJ>IN,1658
VBN>IN>PDT,1659
NNP>CC>VBG,1660
DT>NN>JJR,1661
HYPH>VBG>NN,1662
RP>RB>IN,1663
PRP$>JJ>HYPH,1664
RBS>JJ>CC,1665
PRP>RB>VBP,1666
IN>CC>VBG,1667
"WP>,>IN",1668
VBN>RP>PRP$,1669
NN>:>JJ,1670
",>NN>CC",1671
",>NN>HYPH",1672
NNP>WDT>PRP,1673
VBP>PRP>RB,1674
DT>NNP>-LRB-,1675
NNP>NNP>:,1676
PRP>MD>IN,1677
VBG>PRP$>NNS,1678
JJ>CC>VBG,1679
"VB>,>RB",1680
"VBN>,>NNP",1681
"VBG>RP>,",1682
VB>VBN>RP,1683
CC>WRB>PRP,1684
"VBP>,>CC",1685
RB>EX>VBD,1686
VBZ>IN>PRP,1687
NN>CD>NN,1688
NNS>RP>IN,1689
IN>NNP>VBZ,1690
DT>CD>IN,1691
CD>NNS>VBN,1692
CC>EX>VBP,1693
CC>JJ>NNP,1694
IN>VBD>DT,1695
CC>NNP>CC,1696
MD>IN>JJ,1697
IN>PRP$>VBG,1698
NNS>WRB>PRP,1699
PRP$>JJ>.,1700
VB>IN>CD,1701
JJ>CC>NN,1702
RB>VBG>.,1703
VB>PRP>VBD,1704
PDT>PRP$>NNS,1705
VB>RB>JJR,1706
VBD>VBN>NNP,1707
VBN>JJ>.,1708
CC>NN>VBN,1709
NNS>NNP>VBD,1710
IN>NN>VBG,1711
"NNS>,>CD",1712
PRP>VBD>JJR,1713
WDT>NNP>VBD,1714
TO>VB>PDT,1715
IN>WDT>TO,1716
WDT>TO>VB,1717
DT>JJ>VBG,1718
CC>VBZ>IN,1719
",>WDT>VBP",1720
"NNPS>,>WP",1721
VBD>NNP>VBG,1722
NNP>VBG>IN,1723
NN>CD>NNS,1724
HYPH>NNS>.,1725
JJ>JJ>HYPH,1726
IN>RB>VBZ,1727
VB>NN>CC,1728
NN>VBZ>IN,1729
",>WDT>DT",1730
"NN>VBZ>,",1731
PRP>VBP>NN,1732
VBD>VBN>NNS,1733
JJ>VBD>DT,1734
DT>VBD>DT,1735
"NNP>,>.",1736
",>CD>SYM",1737
NNS>VBD>.,1738
"RB>,>PRP$",1739
CC>DT>VBD,1740
"VBG>,>IN",1741
RB>VBD>CC,1742
VB>WRB>PRP,1743
NNP>VBZ>PRP$,1744
NNS>DT>JJ,1745
NNS>HYPH>IN,1746
IN>HYPH>NNS,1747
"PRP>,>VB",1748
VBD>CC>VBN,1749
"NNPS>,>PRP",1750
IN>RB>PRP$,1751
DT>CD>NN,1752
"NNS>VBD>,",1753
"NNPS>,>RB",1754
RB>VBD>.,1755
NNP>CD>NNP,1756
",>VB>RP",1757
IN>WDT>JJ,1758
-LRB->NNP>CD,1759
IN>NNP>RB,1760
JJR>IN>PRP,1761
IN>NNPS>CC,1762
RB>DT>NNS,1763
IN>CC>IN,1764
CD>NNS>NN,1765
"NNS>NN>,",1766
"IN>VBN>,",1767
VBP>IN>PRP$,1768
VBD>RP>.,1769
DT>DT>NN,1770
IN>DT>PRP,1771
DT>PRP>VBD,1772
CC>IN>VBG,1773
CC>VBG>.,1774
NNPS>CC>NNPS,1775
CD>TO>CD,1776
DT>RB>VBN,1777
VBD>NNP>CC,1778
"NN>,>EX",1779
IN>CD>PRP,1780
NN>JJ>.,1781
"VBN>,>VBG",1782
",>WDT>MD",1783
RB>VBD>JJ,1784
"NNP>,>VBZ",1785
VB>VBN>TO,1786
PRP>IN>IN,1787
RB>HYPH>JJ,1788
VBG>NNP>CC,1789
CC>VBD>.,1790
WP>MD>VB,1791
NNP>VBG>DT,1792
NNS>CD>CC,1793
RB>VBD>NN,1794
"VBD>,>RB",1795
DT>JJ>DT,1796
VBD>DT>IN,1797
"NNP>,>TO",1798
IN>DT>MD,1799
"RB>NNP>,",1800
CC>CD>.,1801
"NNS>,>PRP$",1802
VBN>RB>TO,1803
"CC>,>DT",1804
",>DT>RB",1805
",>VBD>CD",1806
VBG>NNS>TO,1807
"PRP>,>WRB",1808
VBD>RB>NNP,1809
IN>PRP$>JJS,1810
PRP$>JJS>NNS,1811
"JJS>NNS>,",1812
NN>JJ>NN,1813
VBZ>PRP$>NN,1814
VBN>CC>JJ,1815
CC>IN>IN,1816
",>VBN>TO",1817
NN>JJ>TO,1818
IN>IN>WDT,1819
VBD>RB>NN,1820
HYPH>NN>RB,1821
DT>IN>NNS,1822
VB>DT>RB,1823
IN>NNP>VB,1824
RB>RB>PRP,1825
NNS>RB>DT,1826
VBD>VBN>VBG,1827
RB>VBN>NNP,1828
JJ>CC>JJR,1829
VBD>NN>TO,1830
DT>CD>VBG,1831
DT>VBG>HYPH,1832
NNS>IN>NNPS,1833
TO>VB>VBG,1834
.>VBG>IN,1835
JJ>NNS>JJ,1836
NNS>JJ>NNS,1837
NNP>VBN>IN,1838
VBD>MD>VB,1839
NNS>VBP>IN,1840
CC>PRP>CC,1841
CD>CC>VBG,1842
JJ>DT>JJ,1843
VBD>NNS>RB,1844
"VBZ>RB>,",1845
JJ>WDT>VBD,1846
NN>DT>WP,1847
NNS>CC>PRP$,1848
VBG>WRB>PRP,1849
",>NNP>.",1850
CC>VBN>NN,1851
DT>IN>NN,1852
NNS>VBN>RP,1853
"JJ>RB>,",1854
VBD>VBG>PRP$,1855
NNP>IN>JJ,1856
",>DT>JJR",1857
DT>JJS>CC,1858
WP$>NN>IN,1859
NN>VBD>WP,1860
:>NN>IN,1861
:>JJ>NN,1862
:>NNP>.,1863
IN>NNS>DT,1864
"NN>WDT>,",1865
CC>CD>JJ,1866
CC>EX>VBD,1867
JJ>RB>RB,1868
:>IN>PRP,1869
",>WRB>NNP",1870
VBG>VBN>.,1871
IN>NNS>PRP,1872
IN>PRP>WP,1873
VBN>RP>.,1874
"NNS>VBP>,",1875
WDT>DT>NNS,1876
"VBD>,>PRP",1877
POS>NNP>NNP,1878
VBG>JJ>JJ,1879
VBD>VBG>CC,1880
CC>VBD>NN,1881
IN>NNP>HYPH,1882
IN>NN>CD,1883
JJ>HYPH>VBG,1884
RP>RB>RB,1885
JJ>RB>IN,1886
NNS>VBN>RB,1887
WRB>EX>VBD,1888
VBG>RP>CC,1889
PRP>CC>NNP,1890
NNP>-LRB->NN,1891
CC>VBG>CC,1892
VBD>NN>CC,1893
JJ>NNS>MD,1894
PRP>DT>NNP,1895
"NNP>,>PRP$",1896
WDT>NN>NNP,1897
PRP>VBP>NNS,1898
CC>VBG>NN,1899
NNS>IN>VBN,1900
NNS>VBD>NNS,1901
NN>NNS>DT,1902
IN>NNS>TO,1903
VBG>NN>TO,1904
"VB>,>VBD",1905
IN>CD>HYPH,1906
POS>NN>:,1907
NNP>NNP>MD,1908
DT>NNP>CD,1909
DT>.>'',1910
IN>IN>IN,1911
JJR>IN>JJ,1912
IN>VBD>CC,1913
VBD>CC>RB,1914
RB>RB>TO,1915
IN>NNS>VBP,1916
VB>DT>JJS,1917
NN>VB>NNP,1918
CC>VB>CC,1919
DT>CD>HYPH,1920
NNP>CD>.,1921
NNS>VBD>NN,1922
WDT>VBP>DT,1923
HYPH>NNP>HYPH,1924
VBN>CC>VBD,1925
RB>VB>NN,1926
"JJR>NNS>,",1927
CC>NNS>:,1928
"DT>,>PRP",1929
VB>IN>RB,1930
"NNP>,>WP$",1931
VBZ>NNP>NNP,1932
",>RB>CD",1933
CC>JJ>CC,1934
NN>VBP>IN,1935
IN>JJ>VBD,1936
DT>NNPS>VBP,1937
CC>VBN>VBN,1938
VBD>VBG>NN,1939
VBG>PRP>RP,1940
",>VBG>VBN",1941
IN>VBG>NNP,1942
",>VBZ>IN",1943
VBG>IN>WP,1944
VB>PRP$>VBN,1945
PRP>VB>DT,1946
CD>-RRB->.,1947
PRP$>NNS>VBP,1948
"RB>,>MD",1949
WDT>VBD>VBG,1950
",>VBP>VBN",1951
DT>NN>WP$,1952
VBG>PRP>RB,1953
"RP>NN>,",1954
NN>WRB>NNP,1955
PRP>.>'',1956
VBZ>VBN>DT,1957
TO>WDT>PRP,1958
"CD>,>''",1959
",>''>CD",1960
VB>VBN>VBD,1961
IN>PRP$>CD,1962
VBN>JJ>NNS,1963
NN>JJ>NNS,1964
VBP>NN>IN,1965
",>NNS>CC",1966
NNP>DT>NNP,1967
NNS>RB>VBN,1968
:>CC>DT,1969
NNPS>VBD>IN,1970
",>WRB>,",1971
JJ>NN>RP,1972
NNS>VBZ>WDT,1973
VBZ>WDT>VBZ,1974
WDT>VBZ>TO,1975
VBZ>TO>,1976
TO>>VBD,1977
>VBD>RP,1978
NNS>VBP>PRP$,1979
DT>NNS>JJ,1980
VB>DT>VBG,1981
NN>IN>VBD,1982
CC>NNP>RB,1983
",>PRP>IN",1984
IN>VBD>JJ,1985
RBR>RB>IN,1986
VBN>JJ>TO,1987
NN>PRP$>NNS,1988
VBG>IN>JJR,1989
DT>CD>CC,1990
NN>-LRB->NNP,1991
PRP$>NN>VBG,1992
NNP>POS>.,1993
VBG>RB>JJ,1994
IN>RB>PRP,1995
NNPS>VBD>VBG,1996
CD>NNS>POS,1997
"JJ>CD>,",1998
NNS>POS>NNS,1999
"PRP>NN>,",2000
POS>NNS>IN,2001
",>VBG>CD",2002
NNP>CC>PDT,2003
WDT>VBD>PRP$,2004
IN>CD>VBD,2005
VBD>PRP>CC,2006
PRP$>NNS>CD,2007
CD>CC>RB,2008
VBD>IN>NNS,2009
NN>.>NN,2010
"CD>,>CC",2011
NN>NN>DT,2012
CD>NNP>NNP,2013
DT>VBG>NNP,2014
DT>NN>CD,2015
:>NNP>NNP,2016
RB>NNP>VBD,2017
DT>JJ>NNPS,2018
DT>VBN>IN,2019
"RP>RB>,",2020
CD>NNS>NNP,2021
PRP>VBD>VB,2022
VBN>PRP>RP,2023
MD>VB>CD,2024
VBD>CD>CD,2025
WRB>NN>VBD,2026
"NNS>NNP>,",2027
RB>RB>JJR,2028
PRP$>NN>WDT,2029
JJS>NN>.,2030
NNS>CC>VBZ,2031
VBZ>DT>VBG,2032
NN>VBG>TO,2033
:>DT>NNS,2034
NNP>NNS>VBD,2035
DT>PRP$>JJ,2036
CD>SYM>CD,2037
VBN>VBN>CC,2038
NN>RB>DT,2039
CC>PRP>RB,2040
VBP>IN>PRP,2041
RP>IN>CD,2042
IN>NNS>MD,2043
RB>VBZ>PRP,2044
VB>DT>NNPS,2045
"JJ>,>PRP$",2046
CD>VBN>NNS,2047
VBZ>NN>HYPH,2048
DT>IN>VBG,2049
NN>HYPH>VBG,2050
IN>RB>HYPH,2051
RB>HYPH>NN,2052
JJS>IN>PRP$,2053
DT>NN>-RRB-,2054
",>VBP>JJ",2055
VB>PRP$>JJS,2056
RB>JJ>RB,2057
JJS>CC>JJS,2058
NN>DT>RBR,2059
VB>RP>NNS,2060
"RP>NNS>,",2061
RB>VBN>RP,2062
IN>PRP$>RB,2063
NN>:>NN,2064
"JJ>,>MD",2065
NNP>WDT>VBZ,2066
"JJ>,>NN",2067
WRB>NNP>NNP,2068
"RBR>,>PRP",2069
NN>CC>PRP,2070
",>VB>RB",2071
DT>TO>VB,2072
.>NNP>NNP,2073
VBD>RB>RP,2074
"RB>,>VBN",2075
IN>VBD>PRP,2076
NNP>IN>IN,2077
NNPS>MD>VB,2078
WP>VBZ>DT,2079
CD>CD>CC,2080
"WRB>NNP>,",2081
"NN>CD>,",2082
"CD>-RRB->,",2083
VB>RP>.,2084
VBZ>IN>CD,2085
PRP>VBZ>NN,2086
VBG>NNP>IN,2087
",>VBZ>PRP",2088
"PRP>JJ>,",2089
CC>IN>EX,2090
VB>JJ>CC,2091
",>IN>WP",2092
JJS>IN>PRP,2093
JJ>VB>DT,2094
DT>NNPS>MD,2095
JJ>NNS>NN,2096
NNP>IN>VBG,2097
"CC>VBG>,",2098
VBD>NN>JJR,2099
"CC>VB>,",2100
VBD>JJR>IN,2101
DT>NN>VB,2102
"NNPS>,>NNP",2103
",>VBN>RB",2104
VB>NNP>RB,2105
VBP>PRP>MD,2106
"VBZ>,>VBG",2107
DT>VBZ>DT,2108
NNS>HYPH>NN,2109
IN>WDT>NNS,2110
DT>CD>VBD,2111
NN>WDT>IN,2112
CC>JJ>TO,2113
NNS>:>VBD,2114
DT>NN>RP,2115
RB>VBN>PRP$,2116
JJ>IN>WP,2117
TO>VB>WRB,2118
JJ>RB>.,2119
NNPS>VBP>IN,2120
"DT>,>IN",2121
",>WP$>NNS",2122
NNS>RB>VBP,2123
VBP>VBN>VBN,2124
VBG>VBN>NN,2125
VBP>IN>NNS,2126
VBN>IN>VB,2127
CD>WP>VBD,2128
HYPH>VBG>JJ,2129
VBD>JJR>TO,2130
NNP>RB>.,2131
NNS>IN>.,2132
MD>RB>TO,2133
NNP>CD>-RRB-,2134
NNPS>CC>NNP,2135
NN>:>PRP,2136
NNS>VBD>CD,2137
NN>NN>VBG,2138
VBG>RB>CC,2139
RB>IN>VBN,2140
CD>VBD>RB,2141
PDT>DT>NNP,2142
PRP$>JJ>CC,2143
VBD>RP>NN,2144
".>,>CC",2145
RB>IN>PDT,2146
NN>PRP>.,2147
IN>NNS>:,2148
NNS>:>RB,2149
NNS>VBG>DT,2150
VBD>JJS>IN,2151
CD>HYPH>NN,2152
RB>RB>WRB,2153
VBD>PRP>VBN,2154
VBZ>IN>JJ,2155
NN>VBZ>.,2156
TO>WDT>DT,2157
IN>VBG>VBD,2158
WDT>VBZ>RB,2159
RB>NN>CC,2160
NNP>CC>CD,2161
NN>RB>RBR,2162
RB>VBG>RB,2163
VBZ>JJ>NNS,2164
POS>NN>NN,2165
NNP>-LRB->NNP,2166
TO>CD>NNS,2167
CC>NNS>VBP,2168
PRP>DT>NNS,2169
RB>VBP>DT,2170
WDT>NNP>NNP,2171
"RP>,>DT",2172
PRP>RB>DT,2173
RB>CC>VBG,2174
JJ>PRP>MD,2175
IN>IN>RB,2176
RP>RB>.,2177
VBD>RB>PRP,2178
"NNPS>,>DT",2179
VBD>NNP>.,2180
"NNS>,>VB",2181
NN>NNP>NN,2182
NN>WP$>NN,2183
",>CC>PDT",2184
RB>PRP>VBZ,2185
",>DT>VBP",2186
NNS>DT>NNS,2187
NNP>NNP>VBG,2188
PRP>CC>PRP$,2189
RB>MD>VB,2190
"PRP>DT>,",2191
RB>VBN>NNS,2192
EX>VBP>DT,2193
RB>CC>VB,2194
CC>DT>VBN,2195
NN>PRP$>JJ,2196
NNP>HYPH>NN,2197
NN>VBD>NNP,2198
",>PDT>DT",2199
-LRB->NN>.,2200
CD>VBG>NNS,2201
WDT>PRP>VBZ,2202
"MD>,>VBG",2203
NN>NNS>RB,2204
RB>RB>HYPH,2205
WRB>DT>NNP,2206
JJ>NNP>CC,2207
NN>IN>WP,2208
IN>CD>SYM,2209
",>IN>JJS",2210
"DT>JJR>,",2211
".>,>VBG",2212
"NNS>,>VBP",2213
",>VBP>IN",2214
HYPH>NNS>VBD,2215
NN>WP>PRP,2216
",>WDT>NNP",2217
VBP>JJ>TO,2218
IN>WRB>DT,2219
"JJR>,>CC",2220
VBZ>PRP>.,2221
MD>VB>NNP,2222
VB>RP>NN,2223
",>VBG>CC",2224
",>DT>VBD",2225
"NN>.>,",2226
RB>HYPH>VBG,2227
DT>NNP>:,2228
CC>RB>NNP,2229
"NNS>RP>,",2230
CD>JJ>NNP,2231
NN>DT>JJS,2232
CC>NN>MD,2233
NNS>RB>PRP,2234
PRP>RB>VBZ,2235
VBD>VB>DT,2236
RB>VBP>RB,2237
CD>NN>CC,2238
RB>NNP>POS,2239
",>WRB>NN",2240
"NNPS>IN>,",2241
CC>VBG>VBN,2242
VB>VBG>PRP,2243
NN>DT>WDT,2244
JJ>NNP>VBZ,2245
NN>VBZ>VBG,2246
VBZ>VBG>TO,2247
NN>VBD>NNS,2248
CC>JJR>NN,2249
NNP>IN>RB,2250
VBG>HYPH>NN,2251
HYPH>VBN>.,2252
CC>NNP>NNS,2253
NNP>:>CD,2254
NNP>.>VBG,2255
IN>NN>PRP$,2256
PRP>CC>PRP,2257
",>VBZ>VBN",2258
RB>NNS>IN,2259
NNP>RB>VBZ,2260
WP>VBP>RB,2261
CD>CD>VBN,2262
IN>VBG>WRB,2263
VBD>PRP>VBG,2264
NN>VBZ>NN,2265
NN>JJR>NN,2266
VB>JJ>RB,2267
.>-RRB->.,2268
NN>-RRB->.,2269
JJS>NNS>.,2270
VBP>PRP$>NNS,2271
NNS>VBG>RB,2272
"NN>,>WP$",2273
"MD>,>PRP",2274
VBD>WP>VBZ,2275
WP>VBZ>EX,2276
VBZ>EX>VBD,2277
EX>VBD>IN,2278
PRP$>RB>JJ,2279
CC>NNP>NNPS,2280
NNP>NNP>NNS,2281
IN>NNS>CD,2282
VBZ>DT>NNS,2283
NNP>:>PRP,2284
NNS>WDT>MD,2285
"NN>RBR>,",2286
TO>VB>WP,2287
VB>WP>PRP,2288
PRP>JJ>NNS,2289
RB>RP>IN,2290
VBG>WP>PRP,2291
VB>PRP>MD,2292
PRP>VB>VBN,2293
MD>IN>DT,2294
RB>PRP$>NNS,2295
VBP>VBN>DT,2296
PRP>VBZ>VBN,2297
"RP>,>PRP",2298
PRP>PRP>MD,2299
NNP>NNP>WDT,2300
CC>NNS>VBD,2301
"VBG>VBN>,",2302
PRP$>NNS>RP,2303
WP>VBD>NNP,2304
VBG>NN>VBG,2305
RP>CC>VBN,2306
VBN>RB>CC,2307
"RB>,>VBZ",2308
NNP>.>.,2309
VBD>IN>JJS,2310
RP>CC>VBG,2311
VBG>CD>IN,2312
NNP>CC>PRP,2313
"CD>,>JJ",2314
",>JJ>JJ",2315
"CD>,>NN",2316
RBR>IN>DT,2317
CC>DT>RB,2318
NNS>VBG>CC,2319
DT>IN>CD,2320
VBD>IN>WDT,2321
NN>NNP>MD,2322
VB>RB>PRP,2323
NNS>PRP>RBS,2324
PRP>RBS>.,2325
VBN>NN>HYPH,2326
CC>VB>NN,2327
VB>NN>NNS,2328
NN>NNS>VBZ,2329
NNS>MD>IN,2330
IN>JJ>VB,2331
PRP$>VBG>NN,2332
WP>RB>RB,2333
DT>JJR>IN,2334
VBN>NN>VBD,2335
DT>NNS>WRB,2336
RB>PRP$>JJ,2337
RB>:>RB,2338
VB>WP>VBD,2339
RP>CC>RB,2340
IN>PRP>PRP$,2341
VBZ>RB>VB,2342
RP>NN>NN,2343
"VBN>NNP>,",2344
DT>NNPS>WP,2345
NNPS>WP>VBD,2346
CC>NN>CC,2347
PRP>VBN>JJ,2348
''>CC>DT,2349
''>''>VB,2350
''>VB>DT,2351
VB>DT>.,2352
''>CC>NNS,2353
",>NNP>CD",2354
VB>PDT>PRP$,2355
IN>WDT>IN,2356
WDT>IN>VBD,2357
NN>IN>VB,2358
IN>VB>PRP,2359
VB>PRP>VBZ,2360
NN>WDT>VBP,2361
IN>EX>MD,2362
VBD>IN>EX,2363
IN>MD>RB,2364
IN>RB>VB,2365
VB>CC>VBD,2366
NNS>CC>PRP,2367
CD>NN>HYPH,2368
VBN>NNS>WDT,2369
POS>JJ>NNS,2370
CC>DT>VBZ,2371
PRP$>NNS>:,2372
RB>VBG>VBN,2373
NN>HYPH>NNP,2374
HYPH>NNP>NNP,2375
"NNS>,>WP$",2376
VBN>NNS>:,2377
POS>NN>HYPH,2378
WDT>VBD>TO,2379
.>NNP>POS,2380
:>NNP>CC,2381
CD>SYM>:,2382
SYM>:>.,2383
",>WRB>MD",2384
WRB>MD>PRP,2385
WDT>VBD>CC,2386
WRB>VBN>IN,2387
JJ>CC>NNP,2388
CC>NNS>PRP,2389
WDT>RB>VBZ,2390
IN>NN>NNP,2391
NNS>VBZ>DT,2392
JJR>NNS>.,2393
VBP>VBN>TO,2394
CC>NN>VB,2395
NNS>WP>PRP,2396
RB>VB>WRB,2397
PRP$>NNP>DT,2398
NN>RP>WDT,2399
RP>WDT>DT,2400
CC>VBZ>JJ,2401
POS>NN>PRP,2402
",>RB>CC",2403
NN>PDT>DT,2404
"VBG>,>PRP",2405
NNS>PRP>VBZ,2406
DT>RBR>HYPH,2407
RBR>HYPH>VBN,2408
RB>VBP>IN,2409
"RB>DT>,",2410
PRP>DT>.,2411
HYPH>NNP>NNPS,2412
NNP>CC>VB,2413
IN>PRP>NN,2414
NNP>VBZ>PRP,2415
PRP>VB>RB,2416
IN>NN>VBP,2417
VBN>CC>DT,2418
CC>DT>WP,2419
HYPH>CD>CD,2420
CD>CD>WP,2421
VBP>IN>NN,2422
NNPS>IN>PRP$,2423
RB>NN>PRP,2424
IN>DT>VBZ,2425
NNPS>CC>VBD,2426
"RB>,>TO",2427
JJ>VBD>VBN,2428
",>IN>VBN",2429
VBN>NNP>.,2430
WP>VBD>PRP,2431
NNS>VBD>JJS,2432
RB>WP>PRP,2433
"JJ>,>WDT",2434
"RB>,>WDT",2435
WDT>RB>DT,2436
VBD>IN>JJR,2437
``>NN>IN,2438
",>''>VBD",2439
''>VBD>NNP,2440
PRP$>VBN>NNS,2441
WP>VBD>VBD,2442
CC>NNP>HYPH,2443
JJ>VBG>NN,2444
CC>VBN>JJ,2445
NN>VBD>JJR,2446
CD>CD>CD,2447
NNP>VBZ>IN,2448
VBD>CD>JJ,2449
"DT>RB>,",2450
",>WRB>PRP$",2451
:>IN>DT,2452
"RB>,>JJ",2453
-RRB->CC>VBD,2454
WDT>JJ>VBD,2455
JJ>VBD>NNS,2456
NN>VBG>PRP$,2457
PRP>VBD>PDT,2458
"PRP>,>VBN",2459
IN>DT>PRP$,2460
JJ>VBD>VBG,2461
PRP>RB>VBN,2462
NNS>CC>NNP,2463
VBP>VBN>PRP,2464
VBG>JJ>IN,2465
VBN>DT>.,2466
JJ>JJ>.,2467
HYPH>JJ>.,2468
CC>IN>PDT,2469
",>VBD>,",2470
NNP>POS>NNPS,2471
"''>CD>,",2472
VBN>.>NN,2473
NNS>JJ>CC,2474
VBN>VBD>PRP,2475
.>JJ>.,2476
"IN>,>MD",2477
NNP>NN>VBG,2478
HYPH>NN>:,2479
WDT>NN>PRP,2480
NN>VBN>CC,2481
VBP>NNS>IN,2482
NNP>NNS>VBN,2483
",>NN>NN",2484
"NNPS>,>CD",2485
CD>CD>.,2486
IN>JJ>CD,2487
"NNP>,>NNS",2488
"NNP>POS>,",2489
NNS>VBD>RBR,2490
"RBR>,>VBG",2491
VBD>PRP>JJR,2492
"PRP>JJR>,",2493
"JJR>,>PRP",2494
NNP>NN>VBD,2495
"PRP$>NNP>,",2496
NN>VBG>JJ,2497
IN>NNP>-LRB-,2498
NN>:>.,2499
DT>CD>RBS,2500
CD>RBS>JJ,2501
PRP$>NN>VBP,2502
DT>NNP>FW,2503
NNP>FW>NNP,2504
FW>NNP>IN,2505
CC>IN>CC,2506
",>PRP$>JJ",2507
"VBZ>,>CC",2508
JJ>NNP>PRP,2509
NNS>:>NNPS,2510
MD>VB>NNS,2511
"CC>WRB>,",2512
DT>CD>JJ,2513
VB>NN>MD,2514
CD>JJ>CC,2515
WDT>NN>VBD,2516
NNP>.>IN,2517
WDT>NNP>IN,2518
NNP>IN>WDT,2519
NN>NNP>CC,2520
"NNS>,>VBZ",2521
JJ>JJ>RB,2522
DT>VBZ>RB,2523
VBD>VBN>CD,2524
VBN>VBD>DT,2525
NNP>IN>.,2526
NN>DT>DT,2527
DT>DT>WDT,2528
"CC>WDT>,",2529
"NNS>IN>,",2530
",>IN>VBD",2531
JJR>NN>VBD,2532
RB>RBR>RB,2533
"JJ>,>TO",2534
",>VBD>NNS",2535
NNP>RB>RB,2536
CC>RB>HYPH,2537
NN>RB>TO,2538
POS>NN>-LRB-,2539
WDT>VBD>RBR,2540
VBZ>JJ>CC,2541
PRP>VBD>WRB,2542
NN>VBD>CC,2543
JJS>NNS>IN,2544
"CD>,>RB",2545
",>CD>CC",2546
",>VBN>NN",2547
IN>EX>VBP,2548
"WRB>,>IN",2549
VBD>JJ>PRP,2550
CC>JJ>PRP,2551
"IN>,>EX",2552
VBG>DT>.,2553
"VBZ>,>IN",2554
RB>MD>RB,2555
VBG>NN>MD,2556
RB>VBG>PRP$,2557
VBG>PRP$>JJS,2558
CC>VBG>NNP,2559
VBG>NNP>.,2560
VBP>VBN>PRP$,2561
"NNP>,>JJ",2562
:>PRP>MD,2563
VB>PRP>NN,2564
"VBN>,>PDT",2565
:>VBD>VBG,2566
IN>JJR>IN,2567
VBN>VBN>RB,2568
",>NNP>NN",2569
DT>NNP>VBP,2570
VBG>RB>NNP,2571
RB>NNP>HYPH,2572
"RB>RP>,",2573
VBN>PRP>VBP,2574
PRP>VBP>HYPH,2575
VBP>HYPH>VBD,2576
HYPH>VBD>PRP$,2577
NNPS>RB>VBD,2578
",>VBD>.",2579
NN>CD>.,2580
VBG>IN>VBN,2581
VBG>VBN>TO,2582
NN>NN>TO,2583
:>IN>EX,2584
NN>:>VBD,2585
:>VBD>RB,2586
RB>HYPH>NNS,2587
",>VB>PRP$",2588
WP>NN>VBD,2589
CD>VBD>JJ,2590
PRP>JJ>.,2591
"CD>,>NNP",2592
"NNP>.>,",2593
POS>NNP>.,2594
TO>VB>:,2595
",>MD>PRP",2596
RB>VBG>TO,2597
HYPH>NN>DT,2598
"JJR>,>IN",2599
VBN>:>PRP,2600
RP>RB>DT,2601
"VB>IN>,",2602
NNS>NN>.,2603
JJ>NN>POS,2604
IN>JJ>RB,2605
IN>WDT>RB,2606
CD>JJ>NN,2607
.>NN>NNP,2608
NNP>.>DT,2609
.>DT>NN,2610
"VBN>,>VBN",2611
VBD>VBN>PDT,2612
HYPH>VBG>IN,2613
CC>NNS>RB,2614
"NNS>VBN>,",2615
VBZ>PRP>RB,2616
":>RB>,",2617
"NN>VBG>,",2618
RBS>JJ>IN,2619
WRB>CD>IN,2620
NN>NN>VBN,2621
CD>SYM>DT,2622
PRP>RB>MD,2623
VBN>PDT>DT,2624
:>CC>NN,2625
VBG>NNS>VBD,2626
",>JJR>NNS",2627
"WP>VBD>,",2628
"NNP>,>VB",2629
WDT>DT>NNP,2630
NNS>RB>VBZ,2631
"NNS>.>,",2632
JJ>NN>WP,2633
PRP>NNS>IN,2634
WDT>PRP>RB,2635
PRP>VBD>``,2636
JJR>NNS>IN,2637
VBG>NNS>VBP,2638
",>NNP>VBZ",2639
NN>RP>.,2640
-LRB->CD>-RRB-,2641
IN>NNP>VBP,2642
"NN>''>,",2643
JJ>CD>.,2644
VBD>NN>NNS,2645
NNS>VBN>TO,2646
WDT>VBZ>DT,2647
IN>NNPS>IN,2648
NNP>:>NNP,2649
VBD>DT>VBN,2650
NN>:>VBZ,2651
PRP>VBP>TO,2652
RB>RB>NNP,2653
NNP>NN>CC,2654
VBD>VB>PRP,2655
RB>RB>NN,2656
"VB>,>NNP",2657
NN>VBG>PRP,2658
VBP>PRP>VB,2659
PRP>VB>PRP,2660
DT>RB>VBD,2661
VBD>VBG>NNS,2662
"VBP>RB>,",2663
NNP>VB>RP,2664
POS>NN>NNP,2665
VBD>JJ>HYPH,2666
VBN>CC>RB,2667
NNP>VBZ>VBN,2668
CD>VBG>IN,2669
"NNP>VBZ>,",2670
CD>CD>NNPS,2671
CD>NNPS>IN,2672
IN>DT>WDT,2673
PRP>RB>RBR,2674
RBR>VBD>DT,2675
WDT>VBD>NNS,2676
VBP>IN>NNP,2677
"PRP>,>VBZ",2678
HYPH>VBN>IN,2679
PRP$>NN>:,2680
NN>IN>TO,2681
"VBG>,>RB",2682
HYPH>DT>HYPH,2683
NNS>WDT>RB,2684
NNS>VBG>NN,2685
VBG>NN>WDT,2686
JJ>HYPH>VBN,2687
PRP$>RBS>JJ,2688
CC>VB>NNS,2689
CD>NNS>VBG,2690
"WP>,>PRP",2691
"RB>NN>,",2692
IN>NNP>WDT,2693
WDT>VBZ>VBN,2694
DT>VBG>NNPS,2695
NNPS>VBD>JJ,2696
NNS>:>NNS,2697
IN>DT>TO,2698
RB>VBG>NNS,2699
PRP>MD>PRP,2700
PRP>RB>CC,2701
JJ>DT>NNS,2702
IN>NNS>WP,2703
VBD>RB>PRP$,2704
VBG>JJ>CC,2705
WDT>NN>MD,2706
NNP>VBZ>CD,2707
PRP$>NNP>NNP,2708
:>VBG>RB,2709
:>CC>VBD,2710
",>NNP>POS",2711
DT>CD>CD,2712
"VBP>NNS>,",2713
",>CC>WP",2714
",>NN>CD",2715
NN>CD>-RRB-,2716
RB>DT>RBR,2717
VB>NNP>.,2718
VBZ>PRP>DT,2719
IN>EX>VB,2720
EX>VB>DT,2721
DT>VBD>NNS,2722
PRP>VB>.,2723
PRP$>NN>VBN,2724
PRP>:>CC,2725
VB>IN>PDT,2726
VBD>RP>NNP,2727
CC>RB>PRP$,2728
RB>RB>:,2729
CD>HYPH>NNS,2730
CC>JJ>CD,2731
CD>NNS>RP,2732
PRP>RB>TO,2733
RP>CC>VB,2734
NNS>CC>PDT,2735
JJR>IN>IN,2736
:>DT>IN,2737
NNPS>IN>NN,2738
"JJ>IN>,",2739
"VBD>,>PRP$",2740
PRP>VBD>RBR,2741
NNP>NNP>NNPS,2742
VB>CD>NN,2743
"NN>PRP>,",2744
",>NNPS>,",2745
VBG>NN>RB,2746
"DT>VBD>,",2747
RB>VBZ>.,2748
NNPS>TO>VB,2749
CD>NN>DT,2750
:>CC>RB,2751
NN>NNS>PRP,2752
NN>JJ>RB,2753
DT>RB>NN,2754
",>DT>JJS",2755
JJ>VBP>PRP,2756
WP>VBD>NN,2757
NNS>:>WDT,2758
"NN>-RRB->,",2759
NFP>IN>DT,2760
DT>DT>JJ,2761
RP>RB>JJ,2762
IN>NNP>WRB,2763
"WRB>,>VBG",2764
WDT>IN>DT,2765
NN>JJ>JJ,2766
",>IN>EX",2767
NNP>IN>NNS,2768
IN>JJR>NNS,2769
VBN>NNS>VBD,2770
DT>NNS>HYPH,2771
NN>VBZ>NNP,2772
"IN>,>JJ",2773
:>DT>NNP,2774
CC>VBP>DT,2775
",>NNS>VBP",2776
VBZ>NN>IN,2777
",>NNP>MD",2778
PDT>PRP$>JJ,2779
JJ>''>NNS,2780
",>DT>RBS",2781
VBD>NNS>CC,2782
VBD>RP>VBG,2783
DT>VBD>CC,2784
JJ>VBD>RP,2785
EX>VBD>CD,2786
VBZ>VBN>TO,2787
NNP>NNPS>VBD,2788
:>PDT>DT,2789
",>JJ>HYPH",2790
"VBP>,>NN",2791
VBP>VBN>RP,2792
IN>WDT>MD,2793
",>RB>VBZ",2794
",>UH>,",2795
WP>NNP>VBD,2796
NN>VBP>VBN,2797
"RB>,>EX",2798
CC>CD>NN,2799
IN>RB>TO,2800
VBD>JJ>CD,2801
",>CD>JJ",2802
CD>NNP>CC,2803
PRP$>JJ>VBN,2804
CD>CD>JJ,2805
VBZ>NNP>IN,2806
DT>VBP>JJ,2807
NN>:>WDT,2808
VBN>VBG>DT,2809
"PRP>,>MD",2810
",>MD>IN",2811
NN>JJ>VBD,2812
NN>IN>EX,2813
WP$>NNS>VBD,2814
JJ>PRP$>JJ,2815
NNP>DT>IN,2816
VBN>VBG>.,2817
PRP$>NNP>.,2818
CC>JJ>HYPH,2819
IN>JJ>TO,2820
"VBD>RBR>,",2821
CC>VBN>RB,2822
CC>VBN>RP,2823
NNS>TO>WDT,2824
NNP>VBD>CC,2825
DT>PRP$>NNS,2826
NNS>:>IN,2827
:>IN>NNP,2828
-RRB->VBD>DT,2829
IN>CC>JJ,2830
WDT>VBD>PDT,2831
NN>WP>VBZ,2832
WP>VBZ>VBN,2833
NN>NN>HYPH,2834
NNP>VBD>VB,2835
DT>NNP>JJ,2836
POS>NN>TO,2837
WDT>VBD>.,2838
NNPS>VBD>VBN,2839
VBG>VBD>DT,2840
NN>:>WP,2841
:>WP>VBD,2842
PRP>DT>IN,2843
NN>TO>NN,2844
VBD>PRP>RBR,2845
NNP>CC>TO,2846
",>WRB>RB",2847
HYPH>IN>NN,2848
RB>RBR>IN,2849
RBR>IN>PRP,2850
VBD>PRP>NNS,2851
PRP>WRB>PRP,2852
VBD>RB>JJR,2853
"IN>,>VB",2854
DT>NNS>RP,2855
JJ>JJ>JJ,2856
VBD>WP>VBD,2857
"NNP>WP>,",2858
"NN>WRB>,",2859
RP>IN>IN,2860
WDT>VBP>IN,2861
"WDT>,>RB",2862
VB>NN>TO,2863
"PRP>VB>,",2864
VBZ>JJ>.,2865
NNP>NN>CD,2866
DT>NNP>PRP,2867
NN>VBZ>TO,2868
VBD>CC>VB,2869
PRP>VBD>JJS,2870
WRB>PRP$>NNS,2871
NNPS>VBN>IN,2872
WRB>NNS>VBD,2873
RB>RBR>VBN,2874
VBZ>PRP>TO,2875
VBZ>IN>NNP,2876
",>RB>JJR",2877
NNP>VB>PRP,2878
"CC>,>JJ",2879
RB>CD>IN,2880
JJ>VBN>RB,2881
NN>JJ>CC,2882
VBG>DT>CD,2883
NNS>JJ>MD,2884
JJ>MD>RB,2885
",>VB>IN",2886
VBD>WRB>NNP,2887
RB>VBG>JJ,2888
NNP>VBZ>TO,2889
VBD>CC>JJ,2890
"VBG>PRP>,",2891
NN>RB>VBP,2892
JJ>MD>VB,2893
"VBD>,>NNP",2894
RB>VB>WP,2895
WDT>VBP>TO,2896
VBD>RB>WP,2897
",>VBP>RB",2898
"NNP>,>NNPS",2899
VBG>RP>NN,2900
IN>JJ>NNPS,2901
VBG>JJR>CC,2902
JJR>CC>RBR,2903
NN>WP>MD,2904
"CC>PRP>,",2905
"RBR>,>IN",2906
VBD>VBG>NNP,2907
IN>VBN>.,2908
"PRP>RBR>,",2909
TO>VB>TO,2910
VB>PRP$>RB,2911
NNPS>VBP>DT,2912
NN>CC>VBP,2913
VBG>NNS>CC,2914
"VBD>,>VBD",2915
PRP$>NNS>POS,2916
"CC>,>RB",2917
RB>VB>CC,2918
JJ>VBD>IN,2919
IN>RB>CC,2920
RB>RB>RP,2921
VBP>IN>IN,2922
"NNP>PRP>,",2923
"RBR>JJ>,",2924
NNS>VBD>NNP,2925
MD>CC>VB,2926
PRP>IN>VBN,2927
VBN>JJ>WRB,2928
VBD>WRB>PRP,2929
NNP>WRB>PRP,2930
VBD>NN>RB,2931
DT>VBD>.,2932
JJ>PRP$>NN,2933
JJ>NN>PRP$,2934
NNP>PRP>IN,2935
RB>VBG>RBR,2936
CD>NN>NNS,2937
"VBZ>,>RB",2938
HYPH>NNS>VBN,2939
VBZ>PRP$>JJ,2940
VBG>IN>HYPH,2941
HYPH>NNS>RB,2942
JJ>VBD>RB,2943
JJ>RB>JJ,2944
NNP>HYPH>JJ,2945
DT>HYPH>NN,2946
NNP>DT>NNS,2947
",>NN>NNS",2948
WP>NN>PRP,2949
PRP>CC>RB,2950
NN>RB>WRB,2951
",>VBZ>JJ",2952
PRP$>NNPS>.,2953
NNS>VBP>.,2954
NN>NNP>VBD,2955
PRP>RP>CC,2956
CC>NNP>VBZ,2957
VBZ>JJ>NNP,2958
"VBN>,>.",2959
JJR>IN>NN,2960
"IN>,>VBN",2961
VBZ>PRP$>NNS,2962
.>NNP>.,2963
VBZ>VBN>PRP$,2964
"IN>,>NNP",2965
DT>JJR>NNS,2966
"-RRB->,>DT",2967
VBP>VBN>NNS,2968
CC>VBP>JJ,2969
NNP>NN>HYPH,2970
NNP>PRP$>NN,2971
VBD>PDT>PRP$,2972
HYPH>NN>CD,2973
VBN>NN>RP,2974
",>VBD>CC",2975
NNS>IN>PDT,2976
PRP>VBZ>RP,2977
RP>RB>RBR,2978
"RB>RBR>,",2979
"DT>,>DT",2980
.>NN>IN,2981
.>CD>JJ,2982
",>DT>VBG",2983
NNP>-LRB->CC,2984
-LRB->CC>NNP,2985
NN>WRB>VBN,2986
"RB>PRP>,",2987
MD>DT>NN,2988
"VBZ>VBN>,",2989
VBZ>RP>.,2990
DT>VBG>JJ,2991
NN>CC>TO,2992
RB>PRP>RB,2993
"CD>,>PRP",2994
CC>RB>TO,2995
"VBD>,>VBN",2996
CC>WP>VBD,2997
DT>NNS>VBZ,2998
"NN>,>JJR",2999
CD>NNS>WDT,3000
DT>VBN>.,3001
RB>NNS>.,3002
"JJS>,>VBG",3003
DT>JJ>VBP,3004
DT>JJ>VBZ,3005
"-RRB->,>CC",3006
IN>VBN>IN,3007
JJR>IN>PRP$,3008
IN>NNP>JJ,3009
NNP>WDT>VBD,3010
RBR>PRP>VBD,3011
",>VBN>CD",3012
VBN>CD>NN,3013
CD>NN>WRB,3014
WRB>PRP$>VBD,3015
PRP$>VBD>NN,3016
NN>NNS>VBN,3017
NNP>WDT>VBN,3018
WDT>VBN>IN,3019
-RRB->IN>DT,3020
NNS>WDT>PRP$,3021
:>VBZ>IN,3022
VBZ>IN>VBG,3023
VBZ>RB>NNP,3024
JJ>NNS>RP,3025
"RP>,>NNP",3026
RB>CC>MD,3027
DT>VBD>TO,3028
VBD>VBG>JJ,3029
.>NNP>CC,3030
WDT>RB>VBP,3031
RB>IN>VB,3032
IN>VB>DT,3033
VBD>CD>PRP,3034
RB>NN>.,3035
CC>IN>WRB,3036
VBD>NNS>NNS,3037
NNS>NNS>VBN,3038
NNS>VBN>CC,3039
DT>WDT>DT,3040
VBZ>VBN>.,3041
NN>PRP>IN,3042
NN>NNS>WDT,3043
CD>NN>PRP,3044
PRP>RP>TO,3045
",>CC>UH",3046
CC>UH>RB,3047
"UH>RB>,",3048
NNS>RB>VBG,3049
"NNPS>,>MD",3050
"VBZ>,>DT",3051
VBN>IN>HYPH,3052
IN>HYPH>VBN,3053
PRP>DT>PRP$,3054
VBD>IN>.,3055
NNP>IN>EX,3056
VBD>NN>JJ,3057
JJ>NNP>:,3058
DT>NNPS>JJR,3059
NNPS>JJR>NN,3060
VBD>NNP>VBN,3061
RB>RBR>VBD,3062
DT>RB>NNS,3063
DT>NNS>RBS,3064
NNS>RBS>TO,3065
RBS>TO>VB,3066
NNP>NNP>WP,3067
NN>NNP>RB,3068
NNPS>IN>JJ,3069
NN>RB>HYPH,3070
VB>PRP>VBG,3071
".>NNP>,",3072
VBG>DT>JJS,3073
HYPH>NNP>.,3074
VBN>RP>RB,3075
VBG>DT>IN,3076
"VB>NNS>,",3077
NNS>.>-RRB-,3078
PRP>VBP>CD,3079
VBP>CD>IN,3080
IN>PRP$>RBS,3081
VBZ>RB>:,3082
RB>:>-LRB-,3083
:>-LRB->RB,3084
-LRB->RB>VBZ,3085
POS>NN>DT,3086
"RB>,>.",3087
PRP$>JJ>``,3088
JJ>``>NNP,3089
``>NNP>'',3090
NNP>''>CC,3091
''>CC>VBZ,3092
VBZ>DT>RBS,3093
RB>VBP>PRP$,3094
DT>JJR>TO,3095
JJ>WDT>MD,3096
VBP>JJ>CC,3097
NNS>DT>CD,3098
RB>DT>JJS,3099
CC>JJS>.,3100
VBG>IN>FW,3101
IN>FW>NN,3102
FW>NN>IN,3103
PRP>TO>JJR,3104
TO>JJR>NN,3105
JJS>NN>JJ,3106
CC>NN>JJ,3107
NN>VBG>NNP,3108
VBG>NNP>NNP,3109
RB>CD>VBN,3110
CD>VBN>CC,3111
NNS>VBN>VBD,3112
VBN>VBD>IN,3113
IN>CD>NNP,3114
CD>NNP>WDT,3115
NNP>-LRB->RB,3116
-LRB->RB>VBG,3117
VBG>PRP>-RRB-,3118
PRP>-RRB->.,3119
JJ>CC>NNPS,3120
IN>NN>RBR,3121
PRP>WP>VBD,3122
NN>VBG>WP,3123
RB>VBG>CC,3124
"RB>,>VB",3125
",>VBN>DT",3126
NNP>CC>WRB,3127
IN>PRP>EX,3128
PRP>EX>VBZ,3129
DT>CD>DT,3130
CD>DT>CD,3131
JJ>WDT>PRP,3132
VBZ>CD>IN,3133
"NN>,>NNPS",3134
",>NNPS>MD",3135
DT>RB>.,3136
NN>NN>CD,3137
VBG>CC>NNS,3138
DT>CD>NNP,3139
NNP>HYPH>MD,3140
HYPH>MD>HYPH,3141
MD>HYPH>NN,3142
HYPH>NN>WP,3143
NN>CC>MD,3144
RB>RB>EX,3145
HYPH>NNS>TO,3146
"MD>,>CC",3147
NNS>:>VBG,3148
VB>NNP>RP,3149
NNP>RP>RB,3150
VBN>CC>IN,3151
EX>VBP>NNS,3152
"WP>VBP>,",3153
",>WRB>EX",3154
NNS>VBG>RP,3155
CC>VBG>CD,3156
-LRB->NN>CD,3157
"-RRB->,>NNP",3158
DT>RBR>IN,3159
NN>POS>VBN,3160
POS>VBN>NN,3161
DT>VBN>HYPH,3162
VBN>HYPH>RP,3163
HYPH>RP>NNS,3164
RP>NNS>VBP,3165
VBZ>NN>.,3166
VB>PRP$>VBG,3167
POS>NNP>VBZ,3168
DT>CD>VBN,3169
CD>VBN>IN,3170
NN>RB>NN,3171
RB>NN>TO,3172
IN>JJS>NN,3173
",>CD>NN",3174
CC>PRP>DT,3175
NNS>VBG>VBN,3176
NN>VBN>NN,3177
"UH>,>VBG",3178
"NNP>,>EX",3179
VBP>VBG>.,3180
WP>VBZ>PRP,3181
PRP>DT>RB,3182
NNP>NNS>TO,3183
NNS>NN>RB,3184
CC>VBZ>PRP,3185
CC>NNS>WRB,3186
VB>PRP>CC,3187
"DT>,>.",3188
NN>NNS>VBG,3189
RP>NNP>NNP,3190
NNS>JJ>TO,3191
VB>PRP>NNS,3192
"PRP>NNS>,",3193
JJ>NNS>WRB,3194
:>RB>CD,3195
RB>CD>HYPH,3196
NNS>RP>.,3197
",>VBN>CC",3198
DT>VBD>PRP$,3199
VB>RP>CC,3200
PRP>PRP$>NNS,3201
CC>PDT>PRP$,3202
",>IN>PDT",3203
:>NN>VBZ,3204
NN>:>VBG,3205
":>VBG>,",3206
IN>DT>EX,3207
DT>EX>VBZ,3208
RB>JJR>RP,3209
JJR>RP>NN,3210
WDT>JJ>NN,3211
WDT>MD>RB,3212
PRP>VBZ>CC,3213
VBZ>CC>NN,3214
VBG>PRP>VBN,3215
CC>VB>.,3216
''>''>NN,3217
''>NN>.,3218
CD>IN>WP,3219
JJ>VBG>DT,3220
WDT>VBP>RP,3221
VBP>RP>IN,3222
VBZ>JJ>JJ,3223
NN>VB>IN,3224
DT>NNS>NNPS,3225
NNS>NNPS>IN,3226
PRP$>NN>CD,3227
JJ>IN>MD,3228
IN>PRP$>RBR,3229
PRP$>RBR>JJ,3230
NN>VBG>NN,3231
"DT>,>WRB",3232
",>WRB>JJ",3233
WRB>JJ>IN,3234
"NNS>,>.",3235
CC>PRP>RP,3236
NNS>IN>JJS,3237
JJS>DT>JJ,3238
CC>JJ>VBP,3239
WDT>DT>MD,3240
:>CD>CD,3241
VBP>JJ>:,3242
JJ>:>NN,3243
NNS>VBZ>WP,3244
VBZ>WP>PRP,3245
VBP>NN>HYPH,3246
WP>VBP>PRP,3247
"VBP>PRP>,",3248
:>WDT>RB,3249
WDT>RB>VBG,3250
-LRB->NN>HYPH,3251
NNP>NNP>-RRB-,3252
NNP>-RRB->PRP,3253
-RRB->PRP>VBD,3254
"CD>NNPS>,",3255
NNP>-LRB->UH,3256
-LRB->UH>HYPH,3257
UH>HYPH>NNS,3258
HYPH>NNS>HYPH,3259
HYPH>NN>-RRB-,3260
"-RRB->,>VBN",3261
DT>IN>NFP,3262
IN>NFP>IN,3263
VBN>VBN>WDT,3264
VBN>WDT>MD,3265
WDT>NNS>RB,3266
PRP>JJ>RB,3267
CD>VBD>PRP,3268
CC>JJS>NN,3269
VBN>NN>NNS,3270
PRP>VB>WP,3271
NN>VBG>.,3272
CC>VBD>WRB,3273
VBD>WRB>VBN,3274
VBN>VBN>NNP,3275
RB>NN>VBZ,3276
NNS>RBR>CC,3277
RBR>CC>RBR,3278
NNS>CC>JJR,3279
CC>JJR>NNS,3280
RB>IN>JJR,3281
VBN>PRP$>JJS,3282
NN>MD>NNP,3283
MD>NNP>PRP,3284
VBP>PRP$>NNP,3285
NNP>DT>.,3286
CC>JJ>WRB,3287
JJ>WRB>VBN,3288
WRB>VBN>.,3289
VB>PRP>PRP,3290
NN>NN>PDT,3291
",>IN>TO",3292
IN>TO>CD,3293
TO>CD>NN,3294
PRP>VBZ>VBP,3295
VBZ>VBP>RB,3296
",>PRP>CC",3297
NNS>VBP>RP,3298
NNP>NN>NNPS,3299
NN>NNPS>VBP,3300
VBP>IN>VBZ,3301
IN>VBZ>.,3302
RB>RB>VBP,3303
MD>VB>MD,3304
VB>MD>VB,3305
PRP>IN>.,3306
RB>VBN>VBG,3307
WP$>NNS>RB,3308
NNP>NNPS>NNP,3309
DT>JJ>-RRB-,3310
JJ>-RRB->IN,3311
-RRB->IN>NN,3312
",>NN>MD",3313
PRP>NN>.,3314
CC>JJR>JJ,3315
JJR>JJ>NN,3316
VBP>VBG>TO,3317
"DT>,>NNP",3318
",>VB>NNS",3319
PRP>:>VB,3320
:>VB>PRP,3321
PRP$>JJ>'',3322
''>NNS>.,3323
VBZ>PRP>VB,3324
DT>RBS>VBN,3325
RBS>VBN>IN,3326
VBN>IN>WDT,3327
MD>RB>IN,3328
DT>JJ>``,3329
JJ>``>NN,3330
DT>NNPS>WDT,3331
NNPS>WDT>PRP,3332
"IN>VB>,",3333
RP>VBG>TO,3334
NN>PRP>DT,3335
",>JJ>RB",3336
IN>RB>NN,3337
VBZ>IN>IN,3338
IN>PRP>VBG,3339
PRP>VBG>VBN,3340
",>CC>JJS",3341
CC>JJS>IN,3342
PRP>JJ>CC,3343
VBD>RP>:,3344
RP>:>PDT,3345
NNS>POS>JJ,3346
"RB>VBP>,",3347
"JJ>,>WP",3348
RB>RB>WP,3349
",>DT>MD",3350
RB>VBN>VBD,3351
VBN>VBD>VBN,3352
VBG>NNP>CD,3353
NNP>CD>CC,3354
"CC>,>CD",3355
"NN>,>''",3356
NNP>NNP>'',3357
NNP>''>UH,3358
"''>UH>,",3359
"UH>,>UH",3360
"UH>,>IN",3361
JJR>NN>PRP,3362
NN>NNS>VBP,3363
IN>WP>NNP,3364
DT>VBZ>JJ,3365
JJ>NNS>RBR,3366
VBD>PRP>WRB,3367
WRB>TO>VB,3368
",>RB>TO",3369
VBG>DT>RB,3370
EX>VBD>CC,3371
VBD>CC>CD,3372
CC>VBN>TO,3373
DT>JJR>.,3374
VBD>VBD>VBN,3375
PRP$>NNP>RB,3376
VBG>RB>HYPH,3377
NNPS>IN>VBG,3378
NNS>CD>NNP,3379
MD>IN>NN,3380
IN>IN>PDT,3381
PRP$>NNS>JJ,3382
VB>DT>RBS,3383
NNP>RB>CD,3384
CD>JJ>-LRB-,3385
JJ>-LRB->NNP,3386
NNP>RB>JJ,3387
NNP>VB>NNP,3388
VB>JJR>IN,3389
NNP>CC>IN,3390
PRP>VBZ>NNP,3391
RB>NNP>CC,3392
NN>JJ>:,3393
"RB>NNS>,",3394
",>WDT>PRP$",3395
NNP>-LRB->DT,3396
-LRB->DT>NN,3397
IN>NNP>-RRB-,3398
NNP>-RRB->CC,3399
VBG>RB>VBN,3400
NN>VB>PRP$,3401
",>VBN>,",3402
CC>VBD>VBG,3403
IN>IN>HYPH,3404
NNS>RB>NNS,3405
RB>NNS>WDT,3406
IN>EX>NNS,3407
EX>NNS>CC,3408
NN>RB>JJR,3409
POS>NN>CD,3410
"RP>,>WRB",3411
NN>WP$>NNS,3412
VBD>JJ>VBG,3413
JJ>VBG>PRP,3414
"CC>CD>,",3415
"RP>,>CD",3416
PRP$>NNS>NN,3417
JJS>IN>NN,3418
PRP>JJ>HYPH,3419
HYPH>JJ>CC,3420
NN>VBD>RBR,3421
RB>NN>HYPH,3422
VBG>DT>NNP,3423
JJR>NN>CC,3424
VBN>NN>DT,3425
RB>DT>PRP$,3426
HYPH>NNS>:,3427
NNP>:>VB,3428
:>VB>DT,3429
POS>NNPS>NNPS,3430
NNPS>NNPS>IN,3431
''>CD>HYPH,3432
POS>NNPS>NNP,3433
NNPS>NNP>IN,3434
DT>NNPS>-RRB-,3435
NNPS>-RRB->VBD,3436
.>NN>NN,3437
VBD>RP>TO,3438
NNS>VBD>PDT,3439
NNS>WRB>EX,3440
VBN>IN>CC,3441
"IN>,>VBD",3442
"PRP>VBN>,",3443
NNP>:>CC,3444
NN>NN>RBR,3445
"RBR>,>CC",3446
NNS>.>JJ,3447
JJS>NNS>TO,3448
"PRP>CC>,",3449
PRP$>NN>EX,3450
NN>EX>MD,3451
EX>MD>RB,3452
NNPS>MD>RB,3453
RB>RB>VBZ,3454
",>IN>.",3455
",>NNP>NNPS",3456
",>WP$>JJ",3457
VBP>IN>PDT,3458
CC>NN>POS,3459
VBP>CC>NN,3460
"WDT>,>VBG",3461
",>VBP>NNS",3462
"HYPH>VBN>,",3463
VBN>PRP>PRP,3464
WRB>DT>NNPS,3465
VBZ>RB>PRP,3466
RB>PRP>.,3467
DT>JJS>NNPS,3468
"JJS>NNPS>,",3469
"WP>,>VBN",3470
VB>RB>TO,3471
DT>NNP>VBG,3472
NNP>VBG>VBN,3473
VBG>VBN>PRP,3474
JJ>CC>CD,3475
"VBP>,>VBG",3476
TO>NN>DT,3477
"POS>,>VBD",3478
VBP>DT>WDT,3479
DT>WDT>VBZ,3480
VBN>RB>NN,3481
HYPH>NN>PRP,3482
WRB>RB>JJ,3483
NNP>HYPH>IN,3484
NNP>IN>CC,3485
NNS>DT>IN,3486
VBN>RB>VBD,3487
RP>CC>DT,3488
PRP$>CD>NN,3489
IN>VBN>TO,3490
NNP>POS>VBG,3491
POS>VBG>WRB,3492
CC>CC>DT,3493
"WDT>RB>,",3494
",>VB>WP",3495
"LS>-RRB->,",3496
-LRB->NNP>.,3497
VBN>NNP>NN,3498
CC>RB>VBZ,3499
VBZ>IN>VBN,3500
IN>VBN>VBN,3501
CC>VBG>TO,3502
VBP>VBG>IN,3503
"MD>RB>,",3504
WDT>JJ>JJ,3505
PRP$>VBG>RBR,3506
NNP>VBG>JJ,3507
NN>PRP>VBG,3508
CC>DT>.,3509
NNPS>VBP>VBN,3510
:>NNP>VBD,3511
WDT>NN>JJ,3512
PRP>VBD>WP,3513
NN>WDT>NNP,3514
JJS>RB>IN,3515
NN>PRP>RB,3516
IN>NNP>WP,3517
:>NNPS>.,3518
",>VBP>,",3519
NNS>NNP>IN,3520
HYPH>NNP>NNS,3521
NNP>NNS>WRB,3522
NNS>WRB>IN,3523
WRB>IN>NN,3524
VB>NNS>VBG,3525
"WRB>,>WRB",3526
"WRB>,>CC",3527
"WRB>,>PRP",3528
PRP>VBP>CC,3529
PRP$>NNP>VBD,3530
VB>JJ>PRP,3531
IN>.>'',3532
NN>JJ>JJR,3533
JJ>JJR>IN,3534
PRP$>NN>VB,3535
NNP>DT>RB,3536
JJ>NNS>PRP$,3537
NNS>PRP$>JJ,3538
PRP>MD>TO,3539
MD>TO>VB,3540
CC>NNS>VBN,3541
EX>VBZ>VBN,3542
VBP>VBN>VBG,3543
:>RB>RB,3544
IN>RB>:,3545
RB>:>PRP,3546
.>IN>.,3547
CD>JJ>TO,3548
NNS>DT>NNP,3549
NN>NNS>WP,3550
NNP>IN>VBN,3551
VBG>PRP>MD,3552
RB>IN>WP,3553
VBP>JJ>DT,3554
.>''>VBD,3555
IN>NNPS>WRB,3556
NNPS>WRB>PRP,3557
CD>CC>JJR,3558
CC>JJR>CD,3559
JJR>CD>HYPH,3560
HYPH>NN>NNS,3561
NN>.>DT,3562
.>DT>NNS,3563
NNP>NN>VBZ,3564
JJ>RB>NNP,3565
RB>NNP>.,3566
.>IN>JJ,3567
IN>WDT>VBP,3568
NN>NNS>NN,3569
NNS>NN>IN,3570
RB>NN>NNP,3571
",>DT>VBZ",3572
CC>WDT>VBD,3573
RB>VBP>RP,3574
"PRP>,>JJ",3575
VBN>CD>IN,3576
"NNPS>,>WRB",3577
CC>DT>WDT,3578
DT>WDT>MD,3579
WDT>NNS>PRP,3580
DT>NNPS>VBN,3581
"RBR>VBN>,",3582
WP$>NN>PRP,3583
NN>VBZ>MD,3584
VBZ>MD>RB,3585
"RB>,>NNS",3586
RB>JJR>CC,3587
JJR>CC>IN,3588
VBD>IN>HYPH,3589
",>VBD>PDT",3590
JJ>VBN>NNS,3591
WP>VBP>VBN,3592
NN>DT>VBN,3593
"DT>VBN>,",3594
CC>NNP>JJ,3595
NNP>JJ>NNP,3596
",>JJ>NNP",3597
CC>NNP>:,3598
NN>JJ>VBN,3599
VBP>JJ>JJ,3600
CC>NNS>DT,3601
VBN>.>PRP,3602
.>PRP>VBP,3603
VBP>IN>.,3604
VBD>NNP>RB,3605
IN>PRP$>DT,3606
PRP$>DT>NN,3607
WDT>RB>MD,3608
NN>CD>CC,3609
VB>CD>JJ,3610
NN>DT>CD,3611
IN>VBD>NN,3612
NNP>CC>RB,3613
VBD>WRB>DT,3614
WRB>IN>DT,3615
WP$>NN>VBD,3616
NNS>:>PRP,3617
VBZ>DT>RBR,3618
CC>NN>VBZ,3619
NN>VBZ>CD,3620
NNP>POS>RB,3621
PRP>MD>.,3622
VBD>RP>VBN,3623
RP>VBN>NN,3624
VBG>RB>CD,3625
HYPH>NNP>VBD,3626
VBN>NN>RB,3627
PRP$>NNS>WP,3628
WP>VBD>JJ,3629
VBD>JJ>MD,3630
NNPS>RB>.,3631
NN>VBZ>PRP,3632
NN>VBG>NNS,3633
NN>JJ>NNP,3634
NNP>HYPH>VBG,3635
EX>VBP>JJ,3636
",>RB>PRP$",3637
VB>PRP>VBN,3638
PRP>VBN>.,3639
JJ>PRP>RB,3640
PRP$>NNS>HYPH,3641
VBD>IN>WRB,3642
CC>DT>PRP,3643
RB>IN>ADD,3644
IN>ADD>PRP,3645
ADD>PRP>.,3646
":>NNPS>,",3647
"VBN>IN>,",3648
"PRP>,>NN",3649
"JJ>NNPS>,",3650
VBG>NN>HYPH,3651
VBD>VBG>JJR,3652
CC>RBR>IN,3653
RBR>IN>NN,3654
JJ>RB>VBN,3655
CC>VBP>VBN,3656
VB>NN>WP,3657
",>VBZ>PRP$",3658
RB>RBR>CC,3659
WDT>DT>RB,3660
"NNS>CC>,",3661
PRP>RBR>JJ,3662
PRP>VBP>VBZ,3663
"VBP>VBZ>,",3664
IN>IN>VB,3665
IN>VB>NN,3666
VB>NN>VB,3667
NN>VB>VB,3668
VB>VB>NN,3669
VBN>RB>CD,3670
",>VBG>NNP",3671
",>VB>VBN",3672
PRP$>JJS>IN,3673
VBP>PRP>RBR,3674
CC>VB>VB,3675
VB>VB>IN,3676
NN>NN>MD,3677
''>''>RB,3678
"''>RB>,",3679
"RB>,>''",3680
''>VBD>DT,3681
PDT>DT>VBN,3682
VBN>.>'',3683
VBD>VBN>VBD,3684
NNS>DT>NNPS,3685
VBP>PRP>RP,3686
PRP>RP>DT,3687
"VBP>RP>,",3688
VB>IN>:,3689
IN>:>PRP,3690
:>PRP>RB,3691
NNPS>RB>IN,3692
"DT>JJS>,",3693
"JJS>,>WRB",3694
JJ>CD>IN,3695
VBG>NN>:,3696
MD>RB>.,3697
VBD>RBR>VB,3698
RBR>VB>VBN,3699
RB>IN>NNPS,3700
"NNPS>,>WDT",3701
",>RB>HYPH",3702
JJ>VBD>NN,3703
NNP>NN>NNP,3704
IN>CD>RB,3705
CD>RB>JJ,3706
NN>NNS>MD,3707
PRP>VB>PRP$,3708
DT>NNP>MD,3709
PDT>DT>VBD,3710
VBN>PRP>MD,3711
VBN>RB>WRB,3712
RB>WRB>DT,3713
IN>DT>VB,3714
IN>PRP>POS,3715
VBP>NN>NN,3716
",>NNP>NNS",3717
JJ>NNP>-LRB-,3718
JJ>VBD>RBR,3719
RBR>JJ>CC,3720
VBN>CC>VBG,3721
"VBP>,>PRP",3722
VBP>PRP>IN,3723
VBD>PRP>PRP,3724
IN>VBG>JJR,3725
VBG>JJR>IN,3726
NN>NN>JJR,3727
WP>VBP>IN,3728
PRP>WP>VBZ,3729
WP>VBZ>.,3730
"NN>,>PDT",3731
",>PDT>PRP$",3732
WRB>PRP>RB,3733
IN>VBG>WP,3734
VBG>WP>VBD,3735
VBG>RB>VB,3736
DT>WDT>NNP,3737
WDT>NNP>CC,3738
VBZ>VBN>JJ,3739
"NNS>,>RBR",3740
",>RBR>RB",3741
CD>CC>VBD,3742
NN>DT>RB,3743
PRP>MD>CC,3744
WDT>PRP$>JJ,3745
"VB>.>,",3746
".>,>IN",3747
EX>VBP>CD,3748
VBP>CD>JJ,3749
CD>CC>IN,3750
CC>VBZ>RB,3751
VBD>DT>VB,3752
DT>VB>PRP,3753
JJ>WRB>DT,3754
PRP$>JJS>XX,3755
JJS>XX>PRP,3756
XX>PRP>VBD,3757
"VBN>,>WP",3758
WP>MD>RB,3759
IN>WP>NN,3760
PRP>WP>DT,3761
WP>DT>NN,3762
JJ>RB>HYPH,3763
VBG>HYPH>NNS,3764
IN>JJS>.,3765
VBP>PRP>VBP,3766
VBN>JJ>PRP$,3767
NN>RP>RB,3768
IN>WRB>VBG,3769
WRB>VBG>DT,3770
VBG>DT>RBS,3771
NN>PRP$>VBN,3772
PRP$>JJS>NNP,3773
VBG>RBR>JJ,3774
NNP>NNP>DT,3775
NN>NNS>RP,3776
CC>WDT>VBZ,3777
"WDT>VBZ>,",3778
MD>VB>PDT,3779
",>NNS>MD",3780
DT>VBP>RB,3781
VB>:>IN,3782
VBN>CC>PRP$,3783
"NNPS>,>VBD",3784
:>NNS>IN,3785
CC>NNPS>.,3786
VBG>VBD>PRP$,3787
RP>RB>CC,3788
NNS>VBD>JJR,3789
"VBD>JJR>,",3790
VB>IN>.,3791
VBP>IN>JJ,3792
NNP>:>TO,3793
:>TO>WDT,3794
TO>WDT>NN,3795
VBD>VBN>:,3796
DT>NNS>NN,3797
",>WP>JJ",3798
WP>JJ>CC,3799
",>DT>FW",3800
DT>FW>NN,3801
.>NN>CD,3802
CD>NN>POS,3803
RB>VBN>:,3804
:>PRP>VBG,3805
PRP>VBG>DT,3806
NN>WRB>NNS,3807
VBD>RB>ADD,3808
RB>ADD>VB,3809
ADD>VB>.,3810
JJ>NNS>-LRB-,3811
NNS>-LRB->NN,3812
NN>.>JJ,3813
POS>JJ>JJ,3814
"VBP>,>DT",3815
JJ>.>'',3816
"POS>,>IN",3817
NNP>.>NN,3818
VBN>CD>NNS,3819
VBN>VBN>DT,3820
IN>PDT>HYPH,3821
PDT>HYPH>DT,3822
HYPH>NN>TO,3823
WDT>IN>PRP,3824
VBP>VBG>CC,3825
VBG>CC>WP,3826
CC>WP>NN,3827
VBG>NNP>PRP,3828
NN>RB>MD,3829
WDT>NNP>RB,3830
WDT>RB>PRP,3831
"IN>PRP$>,",3832
IN>IN>VBG,3833
VBG>JJ>CD,3834
RP>CD>NNS,3835
CC>CD>WDT,3836
CD>WDT>VBD,3837
POS>NNS>TO,3838
VBD>VBD>JJ,3839
",>JJ>.",3840
NNP>RB>CC,3841
VB>PRP$>NNPS,3842
IN>PRP$>VBD,3843
PRP$>VBD>JJ,3844
"RB>JJR>,",3845
IN>CD>WP,3846
-LRB->NNP>-RRB-,3847
NNP>-RRB->CD,3848
-RRB->CD>.,3849
.>CC>VBD,3850
IN>WP>.,3851
NNP>JJ>.,3852
VBG>JJ>DT,3853
PRP$>NN>NNP,3854
VBD>CD>NNPS,3855
JJ>NNP>TO,3856
JJ>CC>NNS,3857
IN>PRP$>NNPS,3858
"UH>,>CC",3859
"VBG>,>NNP",3860
"WDT>NNP>,",3861
VBD>DT>RBR,3862
WRB>PRP$>JJ,3863
WDT>NNP>.,3864
VBG>PRP>DT,3865
PRP>DT>RBS,3866
VBD>DT>JJR,3867
NNP>NN>-LRB-,3868
"-LRB->NNP>,",3869
",>CD>-RRB-",3870
RB>DT>CD,3871
VBP>PRP>TO,3872
"VB>,>WRB",3873
",>WRB>CD",3874
VB>IN>JJR,3875
"IN>JJR>,",3876
TO>VB>-LRB-,3877
VB>-LRB->RB,3878
-LRB->RB>RB,3879
RB>RB>-RRB-,3880
RB>-RRB->IN,3881
-RRB->IN>NNP,3882
VBG>RP>JJ,3883
RP>JJ>NN,3884
DT>PRP>RB,3885
NFP>NFP>NFP,3886
SYM>DT>NN,3887
SYM>DT>VBG,3888
VB>CC>MD,3889
VBG>JJ>RB,3890
PRP$>CD>NNS,3891
IN>NNP>PRP$,3892
VBN>PRP>VBN,3893
PRP>VBN>PRP,3894
CC>PRP>WP,3895
"PRP>WP>,",3896
NNS>NN>DT,3897
"VBZ>,>VBZ",3898
VBZ>VBN>RP,3899
IN>DT>CC,3900
NNP>RB>NNS,3901
RB>RBR>.,3902
VBN>IN>NNPS,3903
IN>PRP>NNP,3904
PRP>NNP>CC,3905
NNP>CD>NNS,3906
IN>DT>:,3907
DT>:>DT,3908
"IN>,>CC",3909
NN>NN>NNP,3910
CC>NN>:,3911
NN>.>CD,3912
.>CD>.,3913
DT>NN>PDT,3914
CC>CD>CC,3915
HYPH>NNS>VBG,3916
"NNP>IN>,",3917
PRP>VBZ>TO,3918
VBD>CC>DT,3919
VBZ>DT>RB,3920
DT>JJR>NNPS,3921
JJR>NNPS>VBD,3922
CC>NNP>TO,3923
VBD>NNP>VBZ,3924
VBN>IN>.,3925
IN>RB>WRB,3926
PRP$>RB>CC,3927
VBZ>DT>JJS,3928
NNP>.>CD,3929
NN>VBZ>VBD,3930
VBZ>VBD>RB,3931
",>EX>MD",3932
"NNP>,>JJR",3933
JJ>NNPS>.,3934
DT>CD>NNPS,3935
VBD>RB>HYPH,3936
HYPH>NN>VBN,3937
VBD>DT>RBS,3938
JJ>PRP>VBZ,3939
VBZ>IN>WRB,3940
IN>WRB>NNP,3941
DT>VBD>VBD,3942
VBD>VBD>PRP,3943
JJ>RB>RBR,3944
VBG>NN>DT,3945
CC>NNP>-RRB-,3946
NNP>-RRB->RB,3947
-RRB->RB>IN,3948
NNP>VBD>NNS,3949
VBD>IN>CC,3950
IN>CC>VBD,3951
VBG>IN>WRB,3952
IN>WRB>PRP$,3953
"PRP>,>EX",3954
RB>VBN>CC,3955
JJ>NNS>HYPH,3956
PRP>:>PRP,3957
:>CC>:,3958
CC>:>CC,3959
CD>IN>JJ,3960
CC>VBD>CC,3961
IN>PRP>JJR,3962
PRP>JJR>JJ,3963
JJR>JJ>NNS,3964
VB>VBN>NNS,3965
WP$>NN>VBZ,3966
VBP>RB>RBR,3967
VB>JJ>:,3968
JJ>:>PRP,3969
WP>VBD>PRP$,3970
:>RB>MD,3971
RB>MD>DT,3972
NN>VB>VBN,3973
CC>CD>VBG,3974
EX>VBZ>RB,3975
PRP>IN>MD,3976
JJS>NNS>CC,3977
VBG>VBN>CC,3978
VBP>DT>RB,3979
DT>RB>JJS,3980
RB>JJS>NNS,3981
JJS>NNS>NN,3982
NNS>NN>VBP,3983
IN>PRP>WRB,3984
JJ>IN>NNPS,3985
NNP>VBP>IN,3986
VBG>CD>JJ,3987
IN>EX>VBZ,3988
NNP>VBG>RB,3989
",>VBZ>,",3990
"VBZ>,>''",3991
",>''>DT",3992
''>DT>NNP,3993
DT>RBR>RB,3994
IN>VB>.,3995
DT>NN>UH,3996
NN>UH>RB,3997
UH>RB>JJ,3998
JJ>NNPS>VBP,3999
VBD>PRP>NN,4000
IN>NNS>HYPH,4001
VBN>NNP>DT,4002
TO>VB>VBD,4003
VB>VBD>JJ,4004
VBZ>RB>.,4005
RB>IN>TO,4006
"VBG>NNP>,",4007
SYM>CD>.,4008
PRP$>JJ>CD,4009
JJ>CD>HYPH,4010
CD>HYPH>VBN,4011
:>IN>JJS,4012
VB>JJ>JJ,4013
VBN>NN>VBN,4014
PRP>IN>WDT,4015
NNP>CC>VBN,4016
CC>VBN>NNP,4017
IN>NN>-LRB-,4018
NN>-LRB->NN,4019
IN>PRP>NNS,4020
WP>VBP>TO,4021
NN>VBG>CD,4022
VBG>CD>DT,4023
CD>DT>JJ,4024
VBN>VBN>VBN,4025
CD>NN>WDT,4026
RBR>JJ>TO,4027
VBP>NNP>NNP,4028
PRP$>CD>JJ,4029
NNP>CC>NNPS,4030
NN>NNP>:,4031
VBD>``>DT,4032
``>DT>JJ,4033
"NNP>,>''",4034
",>''>RB",4035
''>RB>RB,4036
RB>VBG>WP,4037
JJ>CD>VBP,4038
CD>VBP>VBN,4039
VBP>VBN>NNP,4040
CC>VBG>VBP,4041
VBG>VBP>JJ,4042
RP>CC>PRP,4043
WP$>NN>MD,4044
NNS>VBN>VBG,4045
"JJ>,>VBZ",4046
NN>RP>NN,4047
"VBZ>,>.",4048
NNP>PRP>RB,4049
VBG>RB>VBD,4050
"JJR>,>VBG",4051
JJS>CC>RBS,4052
CC>RBS>RB,4053
RBS>RB>HYPH,4054
HYPH>VBG>NNS,4055
PRP>:>RB,4056
IN>MD>VB,4057
VBZ>DT>IN,4058
JJ>RB>NNS,4059
",>CD>HYPH",4060
MD>VB>JJS,4061
"VB>JJS>,",4062
CD>NN>WP,4063
VBD>NNS>VBG,4064
RP>CC>PRP$,4065
NNS>VBZ>.,4066
JJ>VBP>IN,4067
RP>NN>CC,4068
IN>PRP$>-LRB-,4069
PRP$>-LRB->PRP,4070
-LRB->PRP>VBP,4071
PRP>VBP>-RRB-,4072
VBP>-RRB->RB,4073
-RRB->RB>VBP,4074
RB>VBP>TO,4075
VB>DT>DT,4076
NNP>.>-RRB-,4077
JJ>VBZ>IN,4078
VBG>DT>VBG,4079
VBG>NNPS>WP,4080
NNPS>WP>RB,4081
",>DT>RBR",4082
NN>WRB>EX,4083
NN>WRB>NN,4084
CC>JJ>PRP$,4085
PRP>CC>VBG,4086
NNP>CD>CD,4087
"NNPS>,>EX",4088
EX>VBZ>IN,4089
",>VBP>DT",4090
WP>VBP>DT,4091
"JJ>,>WP$",4092
WP$>NNS>CC,4093
VBP>JJ>CD,4094
WP>VBZ>RB,4095
RB>VBZ>JJR,4096
VBZ>JJR>IN,4097
NNS>:>.,4098
NNP>-LRB->CD,4099
",>PRP>DT",4100
DT>JJ>:,4101
JJ>:>DT,4102
WDT>VBP>PRP,4103
CC>VBD>CD,4104
DT>PRP>MD,4105
"IN>,>CD",4106
"DT>,>NN",4107
IN>VBD>IN,4108
DT>NNS>EX,4109
NNS>EX>MD,4110
NN>WRB>CD,4111
RB>VBZ>PRP$,4112
NN>NN>PRP$,4113
NN>PRP$>NNP,4114
PRP$>NNP>NNS,4115
NNP>NNS>RB,4116
VBD>CC>PRP$,4117
VBD>PRP>PDT,4118
PRP>PDT>DT,4119
"MD>,>IN",4120
NNP>:>'',4121
:>''>PRP$,4122
''>PRP$>NNP,4123
PRP$>NNP>CC,4124
NNP>VBP>VBN,4125
CC>VBD>NNS,4126
VBD>RP>NNS,4127
DT>VBG>WP,4128
VBG>WP>MD,4129
"NNP>JJ>,",4130
NN>MD>IN,4131
MD>IN>RB,4132
WP>VBZ>JJS,4133
JJ>HYPH>CC,4134
HYPH>CC>NN,4135
NNP>VBP>WRB,4136
VBP>WRB>PRP,4137
DT>NNP>VBN,4138
VBN>.>VBD,4139
.>VBD>NNP,4140
NN>CC>WP,4141
VB>DT>CD,4142
WP>VBD>CD,4143
RB>CC>CD,4144
VBD>VBN>-LRB-,4145
VBN>-LRB->CD,4146
CD>-RRB->CC,4147
RB>CC>PDT,4148
DT>JJR>MD,4149
JJR>MD>VB,4150
PRP>PRP$>JJ,4151
NNP>NNP>HYPH,4152
MD>RB>VBN,4153
PRP>:>NNP,4154
PRP$>JJS>TO,4155
JJS>TO>VB,4156
JJ>NN>'',4157
"''>,>IN",4158
DT>NN>'',4159
"''>,>VBZ",4160
RP>NN>WDT,4161
PRP>JJ>IN,4162
PRP>RB>VB,4163
CC>DT>VBG,4164
DT>RB>RB,4165
IN>WP>PRP$,4166
WP>PRP$>JJ,4167
VBD>``>RB,4168
``>RB>.,4169
RB>.>'',4170
NN>NN>-LRB-,4171
NN>-LRB->IN,4172
-LRB->IN>PRP,4173
VBP>VBN>JJ,4174
IN>PRP>-RRB-,4175
"PRP>-RRB->,",4176
VB>WP>MD,4177
DT>RBR>PRP,4178
VBP>NNS>.,4179
NN>CD>VBG,4180
CD>VBG>JJ,4181
DT>NNS>-RRB-,4182
NNS>-RRB->IN,4183
DT>NNS>NNS,4184
NNS>NNS>VBD,4185
DT>IN>JJ,4186
JJ>NNPS>VBD,4187
VB>PRP>VBP,4188
RB>VB>PDT,4189
"PDT>DT>,",4190
VB>RP>JJ,4191
RP>JJ>NNS,4192
WDT>VBD>CD,4193
NNS>CD>JJ,4194
NNS>NNP>NN,4195
LS>CD>NNP,4196
VBD>NNP>VB,4197
PRP>VBZ>PRP$,4198
VB>IN>WP,4199
RB>CC>PRP,4200
VB>RP>NNP,4201
RP>NNP>IN,4202
VBD>RP>JJ,4203
RP>JJ>CC,4204
EX>VBD>NN,4205
NNP>JJ>CC,4206
CD>TO>VB,4207
VB>CD>CD,4208
-LRB->JJ>NNP,4209
:>CD>SYM,4210
SYM>CD>-RRB-,4211
CD>-RRB->NNP,4212
-RRB->NNP>NNPS,4213
NNPS>.>NNP,4214
"NNPS>,>PRP$",4215
:>CC>PRP,4216
PRP>CC>.,4217
NNP>WP>VBD,4218
TO>VB>NNPS,4219
VB>NNPS>.,4220
"VBG>,>TO",4221
NNP>HYPH>DT,4222
DT>HYPH>NNP,4223
-LRB->VBG>IN,4224
VB>PRP$>VB,4225
PRP$>VB>.,4226
IN>NNS>WRB,4227
NNS>WRB>NN,4228
WRB>NN>VBZ,4229
PRP>DT>WDT,4230
IN>NN>VB,4231
JJS>IN>JJ,4232
VBG>NNPS>IN,4233
JJ>NNPS>NNP,4234
NNPS>NNP>VBG,4235
NNP>VBG>NNS,4236
CC>VBZ>VBN,4237
:>NNS>WDT,4238
CC>NNPS>IN,4239
NNS>WP>RB,4240
",>VB>,",4241
VBN>DT>RB,4242
",>NNP>RBR",4243
NNP>RBR>IN,4244
RBR>IN>VBD,4245
IN>PRP$>JJR,4246
PRP$>JJR>NN,4247
NN>WDT>NN,4248
CD>NNP>DT,4249
NN>CD>PRP,4250
CD>PRP>VBP,4251
RB>JJR>NNP,4252
JJR>NNP>VBD,4253
"JJ>CC>,",4254
VBN>JJ>DT,4255
"VBP>,>WP",4256
"CC>WP>,",4257
"PRP>,>VBP",4258
CD>NNS>NNS,4259
NNS>NNS>WDT,4260
NNS>WDT>VBZ,4261
DT>RB>VBG,4262
RB>VBG>NNP,4263
PRP$>VBG>DT,4264
IN>RB>RBR,4265
RB>RBR>VBG,4266
RBR>VBG>IN,4267
RB>CD>RB,4268
"CD>RB>,",4269
VB>IN>JJS,4270
IN>CC>NNP,4271
",>VB>CC",4272
VB>CC>DT,4273
VBP>NNS>:,4274
"VBP>,>NNP",4275
NFP>IN>WP,4276
VBP>PRP>:,4277
:>CC>VB,4278
NNPS>VBD>RB,4279
",>VBZ>NN",4280
VBZ>NN>CC,4281
CC>NNS>VBG,4282
NNS>VBG>.,4283
WRB>VB>PRP$,4284
NN>RP>CC,4285
NNS>WDT>JJ,4286
VBN>VBN>PRP,4287
VBP>DT>JJS,4288
PRP>VBD>:,4289
VBD>:>NNP,4290
",>WRB>VBD",4291
WRB>VBD>DT,4292
NN>CD>:,4293
CD>:>DT,4294
NN>JJ>UH,4295
JJ>UH>IN,4296
UH>IN>DT,4297
"VBG>JJ>,",4298
"NNPS>,>NNPS",4299
VBN>DT>VBG,4300
",>VBD>NNPS",4301
VBD>NNPS>TO,4302
"PRP>,>PRP$",4303
NNS>IN>TO,4304
NN>DT>VBG,4305
JJ>RB>DT,4306
:>JJ>NNP,4307
DT>MD>.,4308
MD>.>NNS,4309
.>NNS>VBD,4310
VBP>JJ>.,4311
"NNP>WRB>,",4312
NN>:>PRP$,4313
:>PRP$>JJ,4314
VB>RB>VBG,4315
IN>NNS>RBR,4316
CC>RBR>JJ,4317
VBD>PRP$>``,4318
PRP$>``>VBD,4319
``>VBD>IN,4320
EX>VBD>VB,4321
VBD>VB>CD,4322
VB>CD>CC,4323
:>VBD>IN,4324
PRP$>JJS>.,4325
CC>WRB>VBZ,4326
WRB>VBZ>PRP,4327
NNP>NNP>VBN,4328
VB>WRB>RB,4329
WRB>RB>PRP,4330
VBZ>PRP>VBZ,4331
IN>NNPS>TO,4332
VBP>RP>DT,4333
DT>NNPS>NN,4334
NNPS>NN>IN,4335
DT>NNPS>PRP,4336
NNPS>PRP>VBP,4337
CD>VBD>TO,4338
VBP>IN>RB,4339
"VBD>VB>,",4340
"VB>,>NN",4341
-LRB->LS>-RRB-,4342
LS>-RRB->VBG,4343
-RRB->VBG>IN,4344
"NNPS>NNP>,",4345
DT>JJ>'',4346
JJ>''>JJ,4347
''>JJ>NNS,4348
RB>EX>VBZ,4349
EX>VBZ>NN,4350
VBG>NN>VBD,4351
VB>RP>TO,4352
``>NN>'',4353
NN>''>IN,4354
''>IN>NNP,4355
DT>NNPS>TO,4356
DT>VBZ>IN,4357
MD>IN>PRP,4358
VBP>JJ>HYPH,4359
NNPS>VBD>NNP,4360
JJ>VBD>JJ,4361
JJ>NN>EX,4362
NN>EX>VBD,4363
VB>NN>HYPH,4364
HYPH>VBN>RB,4365
NN>VB>.,4366
NN>VBP>DT,4367
WDT>VBD>NNP,4368
VBP>IN>RBS,4369
IN>RBS>RB,4370
RBS>RB>VBG,4371
NN>WP>RB,4372
WP>RB>VBZ,4373
VBD>JJS>.,4374
NNP>NNP>$,4375
NNP>$>CD,4376
"$>CD>,",4377
DT>DT>NNP,4378
JJ>IN>EX,4379
RBR>CC>PRP$,4380
PRP>WRB>TO,4381
RB>DT>NNPS,4382
NNPS>VBD>TO,4383
VB>NNS>.,4384
JJ>VBN>NN,4385
IN>CD>DT,4386
CD>DT>.,4387
JJ>VBG>NNS,4388
NNS>JJ>VBG,4389
VBD>MD>RB,4390
RB>TO>RB,4391
TO>RB>RB,4392
MD>VB>JJR,4393
EX>VBZ>CD,4394
VBZ>CD>NNP,4395
:>PRP>VBZ,4396
WDT>DT>VBP,4397
EX>VB>NNS,4398
VB>NNS>PRP,4399
NN>RB>:,4400
RB>:>VBG,4401
NNS>NNP>.,4402
RB>JJ>DT,4403
:>WDT>VBD,4404
RB>VBG>:,4405
VBG>:>IN,4406
"WDT>,>PRP",4407
VB>NN>JJ,4408
JJ>:>NNS,4409
":>NNS>,",4410
RB>CD>CC,4411
",>RB>NNS",4412
NN>IN>VBZ,4413
IN>VBZ>PRP,4414
NNP>WDT>MD,4415
"VBN>,>TO",4416
JJ>NNP>WDT,4417
"NNP>,>VBP",4418
VBG>JJ>PRP$,4419
VBN>VBN>JJ,4420
"VBN>.>,",4421
"UH>,>NNP",4422
"JJ>,>VB",4423
NN>.>IN,4424
.>IN>PRP$,4425
NN>IN>JJS,4426
DT>JJ>RBR,4427
JJ>RBR>JJ,4428
RBR>JJ>.,4429
PRP>CC>VBN,4430
:>RB>VBG,4431
CC>WRB>VBD,4432
WRB>VBD>RP,4433
CC>RB>XX,4434
RB>XX>.,4435
VBP>RB>TO,4436
VBZ>VBN>PRP,4437
:>IN>VBG,4438
PRP$>CD>IN,4439
NNP>JJ>IN,4440
",>PRP>,",4441
":>IN>,",4442
",>JJ>TO",4443
:>CC>VBN,4444
NN>CC>PDT,4445
MD>EX>VB,4446
EX>VB>NN,4447
VBD>NN>POS,4448
"WP$>JJ>,",4449
NN>IN>WRB,4450
IN>WRB>JJ,4451
WRB>JJ>DT,4452
VBN>CC>TO,4453
VBP>PRP>PRP,4454
PRP>PRP>VBP,4455
VBD>PRP>VBP,4456
VBP>IN>WDT,4457
NNS>VBP>CC,4458
"VBN>,>JJ",4459
IN>VB>TO,4460
NNPS>VBD>NN,4461
VBD>NN>PRP,4462
CC>NNP>MD,4463
NN>VBZ>VBP,4464
"VBZ>VBP>,",4465
PRP>RBR>.,4466
NNPS>CC>PDT,4467
PDT>DT>IN,4468
:>CC>VBP,4469
"CC>VBP>,",4470
PRP>NNS>CC,4471
RB>JJR>NN,4472
"-RRB->,>VBG",4473
NNS>VBP>VBG,4474
NNS>RP>CC,4475
VBG>RBR>.,4476
NNS>RB>TO,4477
VB>PRP$>RBS,4478
JJ>CC>DT,4479
RP>NNS>IN,4480
VBD>IN>TO,4481
PRP>VBZ>JJS,4482
VBZ>JJS>RB,4483
NNS>.>VBG,4484
"VB>,>PRP$",4485
IN>NNS>NNP,4486
",>VBN>:",4487
VBN>:>IN,4488
CC>VB>TO,4489
VBD>VB>IN,4490
PRP$>NNP>IN,4491
NN>VBD>VB,4492
DT>PRP>IN,4493
PRP>DT>TO,4494
``>VBZ>PRP,4495
"JJ>,>VBP",4496
",>VBP>PRP",4497
WP>VBZ>VBZ,4498
VBZ>VBZ>JJ,4499
",>VBZ>CC",4500
VBZ>CC>VBZ,4501
CC>VBZ>WDT,4502
VBZ>WDT>VBP,4503
IN>NNS>JJR,4504
NNS>JJR>IN,4505
VBN>JJ>CC,4506
PRP>PRP>RB,4507
VBP>RP>PRP$,4508
PDT>DT>DT,4509
WDT>VBD>RP,4510
",>NN>VBN",4511
",>WRB>NNS",4512
JJ>NN>WP$,4513
NN>NN>VBP,4514
VBN>VBN>NN,4515
VBD>JJR>NNS,4516
JJR>NNS>CC,4517
NNPS>IN>IN,4518
NNS>CD>CD,4519
CD>NNS>MD,4520
DT>VBN>JJ,4521
DT>RBS>NNP,4522
RBS>NNP>VBZ,4523
NNP>VBD>JJR,4524
VBD>JJR>RB,4525
"JJR>RB>,",4526
RB>PRP>DT,4527
NNS>VBP>NNS,4528
"NNP>RB>,",4529
PRP$>NNS>NNP,4530
NNS>NNP>NNS,4531
NNS>VBP>NNP,4532
VBP>NNP>NNPS,4533
"NNPS>,>JJ",4534
",>JJ>VBP",4535
JJ>VBP>JJ,4536
IN>CD>JJR,4537
CD>JJR>PRP,4538
JJR>PRP>VBP,4539
CC>VB>VBN,4540
NNS>VBZ>IN,4541
"VBZ>IN>,",4542
VBD>NNP>NN,4543
"WRB>VBN>,",4544
",>WP>.",4545
DT>VBD>WRB,4546
NNS>RB>NNPS,4547
"RB>NNPS>,",4548
DT>VBG>RB,4549
VBG>NN>NN,4550
NN>HYPH>VB,4551
HYPH>VB>DT,4552
VBD>PRP>NNP,4553
PRP>NNP>POS,4554
PRP$>NNS>VBN,4555
NN>WRB>IN,4556
NN>CC>.,4557
VBZ>CD>.,4558
POS>RB>RB,4559
PRP$>JJS>NN,4560
",>NNP>VBG",4561
"NNP>VBG>,",4562
PRP>VBZ>RBR,4563
VBZ>RBR>JJ,4564
VBD>VBN>WRB,4565
VBN>WRB>PRP,4566
NNS>PRP>RB,4567
"VB>WP>,",4568
",>NN>DT",4569
RB>JJ>PRP,4570
JJ>PRP>IN,4571
WRB>RB>VB,4572
TO>VB>RBR,4573
VB>RBR>RB,4574
RBR>RB>VBN,4575
NN>VBZ>RP,4576
VBZ>RP>IN,4577
DT>PRP$>NN,4578
POS>NNP>IN,4579
"JJ>PRP>,",4580
",>VBZ>TO",4581
NN>IN>HYPH,4582
DT>VBP>IN,4583
CC>VB>PDT,4584
CC>NNP>VBP,4585
NNP>VBP>DT,4586
VBN>PRP>NNP,4587
PRP>NNP>.,4588
",>RB>RBR",4589
"CC>RBR>,",4590
",>IN>CC",4591
IN>CC>RBR,4592
CC>RBR>.,4593
NN>:>PDT,4594
UH>''>PRP$,4595
''>PRP$>NNS,4596
VB>VBN>WRB,4597
VBN>WRB>NNP,4598
PRP$>NNP>MD,4599
MD>VB>VB,4600
VB>VB>PRP,4601
NNP>RB>MD,4602
"VBZ>,>NN",4603
NN>MD>.,4604
VBG>VBN>JJ,4605
CD>VBD>IN,4606
RP>NNP>.,4607
PRP$>RB>HYPH,4608
HYPH>VBN>HYPH,4609
VBN>HYPH>IN,4610
PRP>VBZ>VB,4611
"VBZ>VB>,",4612
NN>DT>RBS,4613
RBS>JJ>CD,4614
PRP>JJ>NN,4615
RP>IN>WP,4616
DT>NNS>CD,4617
NNS>VBP>PRP,4618
"PRP>,>CD",4619
CC>VBP>RP,4620
PRP>VBZ>CD,4621
VBZ>CD>VBN,4622
POS>NNS>RB,4623
CD>IN>VBG,4624
NN>.>VBD,4625
.>VBD>DT,4626
"VB>CC>,",4627
DT>VB>PRP$,4628
VBZ>NN>VBZ,4629
PRP>POS>NN,4630
VBG>CD>TO,4631
NNP>VBP>NN,4632
JJ>NNP>DT,4633
NNS>NN>WDT,4634
DT>CD>.,4635
CD>NNP>PRP,4636
DT>JJ>TO,4637
VB>.>RB,4638
.>RB>.,4639
VBD>NNP>VBD,4640
NN>NN>VB,4641
NN>JJR>CC,4642
JJR>CC>JJR,4643
"CC>JJR>,",4644
"JJR>,>NN",4645
",>NN>JJ",4646
"WRB>,>WP",4647
"RB>,>CD",4648
NNS>DT>RB,4649
NNP>VBD>RBR,4650
RP>NN>:,4651
"NNS>,>PDT",4652
RBR>CC>RB,4653
"VBP>,>VBP",4654
",>VBP>VBG",4655
JJR>NN>VBZ,4656
PRP>CC>NN,4657
"VBG>RBR>,",4658
CC>WP>MD,4659
PRP>NN>VBG,4660
VBG>DT>NNPS,4661
NNP>IN>JJR,4662
"VBD>JJS>,",4663
"JJS>,>PRP",4664
"SYM>CD>,",4665
"CD>,>EX",4666
"NN>POS>,",4667
JJ>DT>NNPS,4668
RB>CD>VBD,4669
CD>VBD>.,4670
:>VBD>DT,4671
PRP>VBZ>RBS,4672
VBZ>RBS>JJ,4673
RBS>JJ>TO,4674
"JJS>NNP>,",4675
NNP>VBD>WRB,4676
JJ>NNP>CD,4677
POS>NNS>VBN,4678
".>,>NNP",4679
VBG>RB>PRP$,4680
CD>IN>RB,4681
IN>RB>JJR,4682
RB>JJR>NNS,4683
",>VBN>NNP",4684
VBN>NNP>POS,4685
PRP>VBP>PDT,4686
VBP>PDT>DT,4687
RBS>JJ>NNP,4688
"CD>CD>,",4689
RB>VBD>JJR,4690
VBD>JJR>NN,4691
RB>VB>NNP,4692
VB>NNP>TO,4693
NN>NN>JJ,4694
VBN>PRP>RBR,4695
CC>VBZ>NN,4696
RB>CC>VBN,4697
"DT>,>RB",4698
"MD>,>DT",4699
FW>NN>.,4700
IN>HYPH>JJ,4701
VBG>JJ>TO,4702
WDT>DT>VBD,4703
NNP>NN>JJ,4704
NN>NN>NNS,4705
TO>NN>.,4706
NNPS>NNP>.,4707
.>NN>.,4708
VBD>RB>EX,4709
WP$>JJ>.,4710
PRP$>VBG>NNS,4711
JJ>NN>XX,4712
NN>XX>IN,4713
XX>IN>DT,4714
VBD>NN>PRP$,4715
JJR>IN>RB,4716
"-RRB->,>PRP",4717
VB>NNP>NN,4718
NNP>NN>PRP,4719
VBP>PRP>CC,4720
"PRP$>,>WDT",4721
"VBG>,>VBP",4722
CC>EX>RB,4723
EX>RB>VBP,4724
RB>VBP>CD,4725
VBP>CD>CC,4726
NNS>PRP>DT,4727
DT>VBD>IN,4728
VBG>RP>CD,4729
VB>:>CC,4730
:>CC>NNP,4731
WDT>NNS>MD,4732
"NNS>,>JJS",4733
",>JJS>IN",4734
"CC>,>PRP",4735
"VB>,>JJ",4736
RB>JJ>:,4737
JJ>:>IN,4738
CC>PRP$>CD,4739
"PRP$>CD>,",4740
VBN>PDT>PRP$,4741
JJS>NNP>.,4742
NN>.>CC,4743
VBD>RP>WRB,4744
RP>WRB>PRP,4745
RP>IN>VBG,4746
VBN>RP>TO,4747
NN>VBN>RP,4748
JJ>VBG>IN,4749
DT>NNS>VB,4750
NNS>VB>IN,4751
",>NN>POS",4752
"WRB>,>RB",4753
"PRP$>NNPS>,",4754
"NNPS>,>VBZ",4755
"CC>,>VBN",4756
"VBP>PRP$>,",4757
"PRP$>,>NNP",4758
DT>VBZ>NNP,4759
",>VBN>PRP",4760
VBN>PRP>JJ,4761
"VBP>,>RB",4762
PRP$>NN>PRP$,4763
"NN>MD>,",4764
"MD>,>RB",4765
"VBG>,>VBZ",4766
CC>RB>NNS,4767
RB>NNS>WRB,4768
DT>RBR>.,4769
NNP>VBZ>NNP,4770
VBZ>NNP>CC,4771
NNP>CC>NNS,4772
CC>CD>RB,4773
CD>RB>PRP,4774
VB>RB>NN,4775
"PRP>,>''",4776
",>''>IN",4777
''>IN>PRP,4778
"VBP>VBG>,",4779
NFP>NFP>IN,4780
NFP>IN>CD,4781
"POS>,>VBG",4782
"WDT>VBD>,",4783
NN>VBN>VBG,4784
VB>VBN>RBR,4785
VBN>RBR>JJ,4786
EX>VBD>NNPS,4787
VBD>NNPS>VBN,4788
DT>IN>WP,4789
"IN>WP>,",4790
WP>VBZ>IN,4791
NNP>VBD>PDT,4792
PRP>VBG>PRP$,4793
POS>RB>HYPH,4794
PRP>VB>NN,4795
PRP>.>NN,4796
DT>JJR>VBG,4797
JJR>VBG>IN,4798
JJ>:>-RRB-,4799
:>-RRB->.,4800
VB>EX>MD,4801
NN>RB>PRP$,4802
NNP>.>WDT,4803
.>WDT>VBD,4804
NN>VBD>VBD,4805
VBD>VBD>DT,4806
RP>NN>.,4807
DT>CC>VBD,4808
VB>VBN>CC,4809
RB>RB>RBR,4810
RP>IN>RB,4811
",>NNPS>NN",4812
NNPS>NN>NNP,4813
CD>NN>NN,4814
DT>VBD>RP,4815
"VBD>DT>,",4816
VBG>CC>IN,4817
VBG>VBN>NNP,4818
NNP>NNP>PRP$,4819
",>VBD>WP",4820
VBD>WP>NNP,4821
''>''>.,4822
"NNPS>VBD>,",4823
",>PRP$>NNP",4824
CC>CD>VBD,4825
POS>NN>VBZ,4826
VBG>NNS>PRP,4827
CD>NNS>WP,4828
"VBG>,>JJ",4829
VBN>RP>NN,4830
RP>NN>IN,4831
"NN>,>-LRB-",4832
",>-LRB->PRP",4833
-LRB->PRP>VBZ,4834
VB>VBN>-RRB-,4835
VBN>-RRB->IN,4836
JJ>CC>PRP,4837
RB>VB>VB,4838
VB>VB>DT,4839
MD>VB>CC,4840
DT>RB>VB,4841
RP>DT>IN,4842
DT>IN>RB,4843
RB>VBD>WRB,4844
RB>JJ>VBD,4845
IN>IN>WRB,4846
NNP>NNPS>-LRB-,4847
NNPS>-LRB->NN,4848
-LRB->NN>-RRB-,4849
DT>NNP>WRB,4850
VB>CC>PRP$,4851
"RB>,>JJR",4852
",>JJR>TO",4853
VB>NN>RB,4854
NNS>VBP>TO,4855
",>CC>NNPS",4856
HYPH>NNP>PRP,4857
JJ>VBD>TO,4858
VBZ>RP>RB,4859
"RBR>,>VBZ",4860
VBZ>RB>CC,4861
RB>VB>MD,4862
"VB>MD>,",4863
VBG>TO>VBD,4864
TO>VBD>DT,4865
PRP$>NN>'',4866
NN>''>RB,4867
''>RB>JJ,4868
CC>WDT>PRP,4869
VB>VBN>PRP$,4870
"``>NN>,",4871
MD>RB>VBD,4872
VBG>CD>JJR,4873
CD>JJR>IN,4874
CD>NNPS>VBG,4875
NNPS>VBG>.,4876
NN>VBD>:,4877
VBD>:>NN,4878
VBD>CC>NNS,4879
VBZ>IN>VBD,4880
IN>VBD>TO,4881
VBD>TO>VBD,4882
"TO>VBD>,",4883
VBD>CD>NN,4884
:>WDT>.,4885
"PRP>IN>,",4886
"PRP$>,>RB",4887
RB>RB>MD,4888
RB>MD>PRP,4889
MD>PRP>TO,4890
VB>RB>PRP$,4891
PRP$>NN>WRB,4892
PRP>VBZ>NNS,4893
"VBZ>NNS>,",4894
",>CC>JJR",4895
CC>JJR>:,4896
JJR>:>DT,4897
PRP$>VBD>DT,4898
VBD>NN>WDT,4899
"VBZ>CD>,",4900
"VB>,>TO",4901
PRP>POS>NNS,4902
PDT>DT>WP,4903
WP>VBP>NN,4904
"DT>WP>,",4905
RP>PRP>VBD,4906
"VBD>,>NN",4907
VBN>VBN>:,4908
VBN>:>CD,4909
:>CD>NN,4910
VB>CC>RB,4911
VBZ>PRP>VBP,4912
VBP>NNS>JJ,4913
RB>NN>VBD,4914
"WP>,>CD",4915
RB>RB>CD,4916
RB>VBZ>NNP,4917
DT>RB>DT,4918
VBP>RP>WP,4919
RP>WP>NN,4920
WP>NN>RB,4921
NN>RB>VBZ,4922
LS>.>NNS,4923
".>NNS>,",4924
JJ>VBZ>DT,4925
",>VBD>RBS",4926
VBD>RBS>JJ,4927
.>NN>NNS,4928
VBN>IN>WRB,4929
RB>MD>.,4930
LS>.>NNP,4931
NN>CD>NNP,4932
"NNP>MD>,",4933
NNS>VBG>JJ,4934
NN>NNP>DT,4935
"IN>WDT>,",4936
"POS>JJ>,",4937
"JJ>,>VBN",4938
WRB>RB>IN,4939
JJ>NNP>HYPH,4940
VBD>NN>DT,4941
RBR>RB>TO,4942
PRP>NN>PRP$,4943
JJR>NNS>VBN,4944
RB>PRP>VBP,4945
NNP>RB>VBP,4946
RB>VBP>CC,4947
VBP>CC>DT,4948
:>IN>WP,4949
"VBZ>,>PRP",4950
VB>CD>NNS,4951
RB>NNP>VB,4952
"RB>,>WRB",4953
"NNS>,>TO",4954
VBD>IN>NNPS,4955
RB>VB>VBG,4956
VBG>PRP>NN,4957
PRP>NN>:,4958
IN>JJS>RB,4959
VB>RB>CD,4960
CC>RB>CC,4961
CC>VB>NNP,4962
RB>IN>CC,4963
EX>VBD>PDT,4964
".>,>VBZ",4965
RB>DT>VBD,4966
DT>VBD>NN,4967
VBD>NN>NN,4968
",>WP>DT",4969
WP>DT>NNS,4970
RB>VBP>NNP,4971
HYPH>JJ>NNP,4972
:>WDT>PRP,4973
"RB>VBZ>,",4974
"VBZ>,>TO",4975
VB>:>DT,4976
VBZ>JJ>:,4977
JJ>:>RB,4978
:>RB>JJ,4979
NN>VBG>VBD,4980
VBG>VBD>JJ,4981
"NN>WP>,",4982
VB>RB>VB,4983
PRP>NN>IN,4984
NNS>VBZ>NNP,4985
CC>IN>WP$,4986
IN>WP$>NNS,4987
WP$>NNS>PRP,4988
RB>RBR>TO,4989
RBR>TO>VB,4990
NNP>VBZ>JJS,4991
VBZ>JJS>.,4992
RB>JJ>VBP,4993
PDT>DT>VBZ,4994
VBZ>RB>NNS,4995
WDT>PRP>DT,4996
PRP>DT>JJR,4997
VBN>IN>WP,4998
PRP>MD>WRB,4999
MD>WRB>PRP,5000
PRP>VBP>VBP,5001
VBP>VBP>PRP,5002
JJ>VBD>NNP,5003
"DT>CD>,",5004
"TO>CD>,",5005
RB>DT>JJR,5006
",>DT>.",5007
VBD>DT>PRP$,5008
WP>PRP>DT,5009
VBZ>NNP>WP,5010
NNP>WP>VBZ,5011
JJ>JJ>NNPS,5012
JJ>IN>PDT,5013
NNS>MD>CC,5014
IN>RB>VBP,5015
RB>VBP>JJ,5016
VBZ>JJ>RB,5017
VBD>WP>NN,5018
VBP>DT>VBN,5019
NNS>PRP>PRP,5020
-LRB->NN>IN,5021
NNP>VBG>-RRB-,5022
VBG>-RRB->.,5023
CC>MD>DT,5024
RB>IN>MD,5025
CD>-RRB->VBD,5026
VBP>CC>VB,5027
RB>CC>NNS,5028
NN>VBP>PRP$,5029
",>WDT>VBZ",5030
HYPH>NN>JJ,5031
LS>.>NN,5032
".>NN>,",5033
"NNPS>,>VBN",5034
IN>PRP$>.,5035
",>WDT>NN",5036
WDT>NN>VBZ,5037
NNP>:>VBD,5038
:>VBD>RP,5039
NN>POS>.,5040
IN>DT>ADD,5041
DT>ADD>.,5042
EX>VBZ>NNP,5043
NNS>VBD>NNPS,5044
"VBD>NNPS>,",5045
VBD>TO>IN,5046
TO>IN>RB,5047
-LRB->VBG>RP,5048
",>VBD>WRB",5049
VBD>CC>NNP,5050
NNP>NNP>JJ,5051
NNP>JJ>WRB,5052
JJ>WRB>TO,5053
VBP>RB>MD,5054
MD>RB>VBZ,5055
RB>VBZ>VBN,5056
VBN>IN>JJR,5057
"FW>NN>,",5058
",>VBZ>RP",5059
VBZ>RP>DT,5060
JJ>VBZ>RP,5061
HYPH>JJ>CD,5062
JJ>CD>NN,5063
JJ>DT>NNP,5064
"CD>JJ>,",5065
",>JJ>MD",5066
NN>.>NNP,5067
POS>NNS>CC,5068
CC>DT>RBS,5069
DT>RBS>NN,5070
RBS>NN>IN,5071
"NN>RP>,",5072
"RP>,>RB",5073
VBG>PRP>CC,5074
CD>NNS>:,5075
NNS>:>JJ,5076
:>JJ>NNS,5077
NNS>VBG>RBR,5078
VBG>RBR>IN,5079
RBR>IN>JJ,5080
VB>WRB>DT,5081
IN>PRP$>CC,5082
"PRP$>CC>,",5083
RB>IN>HYPH,5084
VBZ>CD>RBR,5085
CD>RBR>JJ,5086
RB>IN>EX,5087
EX>VBP>RB,5088
LS>VBG>IN,5089
CD>JJ>VBN,5090
IN>VBN>JJ,5091
JJ>WRB>PRP,5092
RP>IN>NNPS,5093
"RB>IN>,",5094
RBR>RB>JJ,5095
",>NNS>WP",5096
VB>IN>TO,5097
VB>IN>VBN,5098
VBD>PRP$>VBG,5099
PRP$>VBG>IN,5100
NN>IN>JJR,5101
JJR>NN>:,5102
"VBN>,>WDT",5103
VB>VBN>JJR,5104
VBN>JJR>TO,5105
VBN>VBN>PDT,5106
DT>NNP>NFP,5107
NNP>NFP>IN,5108
NFP>IN>PRP,5109
CD>NN>TO,5110
",>NNP>DT",5111
NNP>DT>JJR,5112
DT>JJR>VBD,5113
JJR>VBD>DT,5114
"CD>,>WDT",5115
VBP>PRP>VBD,5116
WDT>PRP>XX,5117
PRP>XX>TO,5118
XX>TO>VB,5119
NN>WDT>VBN,5120
WDT>VBN>NN,5121
",>RB>WDT",5122
RB>WDT>DT,5123
CC>IN>WDT,5124
",>NN>PRP",5125
VBD>DT>PRP,5126
"MD>,>JJ",5127
JJ>NNPS>CC,5128
CD>NN>CD,5129
CC>CD>HYPH,5130
",>DT>,",5131
SYM>CD>NNP,5132
NN>RB>RP,5133
RB>RP>.,5134
CC>VBP>IN,5135
RP>NN>TO,5136
PRP>CC>VB,5137
"VBN>,>VBZ",5138
WDT>MD>DT,5139
MD>DT>VB,5140
DT>VB>TO,5141
IN>PRP>WDT,5142
PRP>WDT>VBD,5143
PRP>VBN>DT,5144
NNS>RBR>.,5145
IN>JJS>CD,5146
"JJS>CD>,",5147
"CD>,>NNS",5148
NNP>CD>VBD,5149
CD>VBD>RP,5150
VBD>RP>VBP,5151
RP>VBP>RB,5152
WRB>NN>MD,5153
NN>VBP>JJ,5154
NNPS>VBD>RP,5155
CD>NNPS>.,5156
IN>WDT>.,5157
RP>DT>WDT,5158
VBD>TO>RB,5159
TO>RB>VB,5160
VBD>NNP>PRP,5161
VB>PRP>CD,5162
PRP>CD>IN,5163
VBP>VBG>CD,5164
VBG>CD>NNS,5165
DT>NN>RBR,5166
NN>RBR>IN,5167
NNP>POS>ADD,5168
POS>ADD>CC,5169
ADD>CC>NNS,5170
"WDT>VBP>,",5171
VBN>IN>MD,5172
RB>NN>NN,5173
",>NN>TO",5174
VBG>RP>TO,5175
VB>RB>HYPH,5176
HYPH>VBN>CC,5177
RP>NNS>RB,5178
"WRB>PRP>,",5179
VBP>RB>CD,5180
VBP>RB>DT,5181
":>CD>,",5182
NNP>PRP>.,5183
RB>IN>WRB,5184
"VBN>,>WRB",5185
WRB>DT>CD,5186
",>TO>WP",5187
TO>WP>PRP,5188
IN>CC>PRP,5189
MD>VB>WP,5190
VB>WP>VBZ,5191
VBZ>JJS>CC,5192
"CC>JJS>,",5193
NN>.>VBG,5194
"NN>,>FW",5195
",>FW>,",5196
"FW>,>VBG",5197
IN>NNPS>POS,5198
NNPS>POS>NNP,5199
VBP>RB>NN,5200
VBD>JJ>JJR,5201
JJ>JJR>NNS,5202
"XX>,>VBG",5203
VB>NN>WDT,5204
IN>VBG>CC,5205
VBG>CC>DT,5206
RB>VBG>JJR,5207
CC>RBR>VBN,5208
RBR>VBN>IN,5209
"PRP$>JJS>,",5210
"JJS>,>IN",5211
HYPH>NN>WDT,5212
VBG>JJ>.,5213
IN>WDT>VBZ,5214
WDT>VBZ>NNP,5215
VBZ>NNP>.,5216
",>NNS>WDT",5217
VB>VBN>:,5218
VBN>:>DT,5219
NNP>JJ>NNPS,5220
JJ>NNPS>CD,5221
NNPS>CD>NNS,5222
PRP$>NNP>VBZ,5223
JJ>NNP>NNPS,5224
NNP>NNPS>CC,5225
NNPS>CC>VBG,5226
PRP>VBP>VB,5227
VBP>VB>DT,5228
IN>JJ>'',5229
''>NNS>CC,5230
VBD>RB>PDT,5231
RB>PDT>DT,5232
VBD>RP>CD,5233
CD>NNS>TO,5234
EX>VBP>VBN,5235
VBN>NNS>JJ,5236
NNS>JJ>RB,5237
",>PRP>NN",5238
CC>CD>PRP,5239
CC>VBZ>NNP,5240
:>VBZ>VBG,5241
VBZ>VBG>PRP,5242
PRP>RB>:,5243
"PRP$>RB>,",5244
DT>VBP>DT,5245
JJ>.>CD,5246
VBD>PRP>PRP$,5247
PRP>PRP$>NN,5248
VBZ>PRP>JJ,5249
NNP>VBG>RP,5250
VBZ>IN>PDT,5251
VBN>NNS>VBG,5252
:>IN>JJ,5253
IN>JJ>PRP,5254
RB>VBD>NNS,5255
CC>VB>CD,5256
",>WP>MD",5257
MD>PRP>RB,5258
JJ>VBP>NNP,5259
VBP>IN>JJS,5260
:>RB>.,5261
NNP>NNPS>:,5262
NNPS>:>IN,5263
VBP>DT>NNPS,5264
VBG>RBR>PRP,5265
JJ>PRP>.,5266
NN>NNS>:,5267
VBD>PRP>:,5268
RP>VBG>.,5269
",>JJR>,",5270
PRP>VBP>NNP,5271
VBP>NNP>IN,5272
"VBD>,>MD",5273
IN>NN>NNPS,5274
NN>NNPS>CC,5275
NNPS>CC>NNS,5276
NNPS>CC>VBN,5277
RBR>VBN>.,5278
NNP>.>CC,5279
PRP>VBP>RBR,5280
VBP>RBR>JJ,5281
NN>-RRB->VBN,5282
-RRB->VBN>IN,5283
UH>VBP>PRP,5284
"VB>DT>,",5285
NNS>:>CC,5286
HYPH>NNP>IN,5287
JJ>CC>VBZ,5288
CD>.>TO,5289
.>TO>VB,5290
"JJR>,>WRB",5291
"PRP>,>NNS",5292
",>NNS>DT",5293
NN>HYPH>FW,5294
HYPH>FW>HYPH,5295
FW>HYPH>NN,5296
:>DT>-LRB-,5297
DT>-LRB->RB,5298
"-LRB->RB>,",5299
"-RRB->,>RB",5300
NN>NNP>VBZ,5301
VBZ>RB>VBG,5302
VBG>PRP>RBR,5303
PRP>RBR>IN,5304
IN>NNP>VBN,5305
PRP$>VBG>VBN,5306
NNS>VBN>.,5307
-LRB->NNP>HYPH,5308
HYPH>NNP>-RRB-,5309
"NNP>-RRB->,",5310
",>NNS>TO",5311
"RB>WP>,",5312
"WP>,>CC",5313
TO>CD>.,5314
CC>VBP>RB,5315
VBP>RB>CC,5316
PRP>RB>NN,5317
"NN>VB>,",5318
TO>VB>JJR,5319
VBD>RB>NNS,5320
RB>NNS>VBN,5321
CC>DT>RBR,5322
RB>JJ>PRP$,5323
NNP>VBP>JJ,5324
NNP>NN>:,5325
NN>:>JJR,5326
:>JJR>IN,5327
IN>JJ>VBN,5328
JJ>VBN>WRB,5329
VBN>WRB>DT,5330
VBD>RBR>CC,5331
RBR>CC>JJ,5332
VB>RB>NNS,5333
CC>CD>MD,5334
CD>MD>VB,5335
VB>CD>.,5336
DT>JJS>JJ,5337
JJS>JJ>NN,5338
RB>IN>.,5339
DT>PRP>VBP,5340
DT>VB>RB,5341
:>WDT>IN,5342
WDT>IN>NN,5343
NN>VBD>PDT,5344
IN>NN>RP,5345
",>NNP>''",5346
NNP>''>NNP,5347
''>NNP>NNP,5348
NNS>VBN>VBP,5349
VBN>VBP>NN,5350
"-LRB->NN>,",5351
"VBP>,>WRB",5352
".>,>NN",5353
",>WDT>-LRB-",5354
WDT>-LRB->IN,5355
-LRB->IN>DT,5356
MD>VB>-RRB-,5357
VB>-RRB->MD,5358
"-RRB->MD>,",5359
IN>JJ>EX,5360
JJ>EX>VBD,5361
NNP>MD>DT,5362
MD>DT>JJ,5363
DT>JJ>VB,5364
"VBD>,>.",5365
"VBD>,>UH",5366
VBD>DT>TO,5367
RP>IN>CC,5368
DT>CC>RB,5369
CC>RB>RBR,5370
RP>CC>IN,5371
PRP$>JJ>JJS,5372
JJ>JJS>NN,5373
VB>VBN>NNP,5374
CD>WP>VBZ,5375
WP>VBZ>NN,5376
VBZ>NN>NN,5377
".>,>.",5378
VBZ>JJS>IN,5379
