not only is it a greenhouse gas, but it's a waste of feed,” Yu said
every day, this gas causes Earth's temperature to rise in a process called global warming.
this gas causes the Earth's temperature to rise.
this gas causes Earth's temperature to rise in a process called global warming.
this gas causes to global warming.
this gas causes global warming by raising the Earth’s temperature.
This gas causes the Earth's temperature to rise in a process called global warming.
this gas causes Earth's temperature to rise in a process called global warming and scientists have linked global warming to an increase in extreme weather events such as droughts,
This gas causes Earth's temperature to rise in a process called global warming
this gas causes Earth's temperature to rise (global warming) which leads to increase in extreme weather events such as droughts, heat waves, wildfires, and floods.
this gas causes Earth's temperature to rise.
this gas causes Earth's temperature to rise; resulting in global warming.
this gas causes Earth's temperature to rise in the process we know as global warming.
this gas causes Earth's temperature to rise
this gas causes Earths temperature to rise
this causes the Earth's temperature to rise in a process called global warming.
this causes Earth's temperature to rise in a process called global warming.
this causes global warming.
this increases the Earth's temperature, causing global warming.
they're burps contain methane an overall create 30 to 50 gallons of methane released into the atmosphere.
every time each cow burps they release 30-50 gallons of methane gas and it kills the earth.
they release methane gas, which is a greenhouse gas, into the atmosphere.
the methane these burbs produce contribute to about 14.5% of the world's greenhouse gases.
their gases cause an effect on the greenhouse effect.
cows emit methane in their burps, which contribute to heating the environment and contributing to global warming.
their burps contain methane which can lead to global warming.
some people believe their burps contain methane which they also believe causes global warming.
their burps release 30-50 gallons of greenhouse has methane, which causes the Earth's temperature to rise.
their burp contains the greenhouse gas methane.
the world’s 1.5 billion cows burps out 30-50 gallons of the greenhouse gas methane.
the release of methane causes the Earth's temperature to rise in a process called global warming.
the methane gas in the burps contributes to global warming.
the methane causes the Earth's temperature to rise, which causes global warming.
the methane causes global warming.
the methane causes additional global warming.
the methane contributes to global warming.
the methane produces greenhouse gases that are linked to global environmental weather changes which includes rises in temperatures, droughts, and fires.
the it causes the earth temperature to rise.
the greenhouse methane contributes to increased global temperatures.
the greenhouse gases that causes the Earth's temperature to rise.
the cows burp 30-50 gallons of the greenhouse gas methane which causes the Earth's temperature to rise
the greenhouse gas emissions from agriculture can contribute to global warming.
the gasses the burp up (methane) contributes to global warming.
the gases produce greenhouse gases, which affect the atmosphere in e negative way.
the gas, methane, adds to global warming which can increase the Earth's temperature.
the gas the cows emit causes global warming.
the gas from the cow burps contribute to gas emissions and raises the Earth's temperature.
the gas from the burp causes tempertures to rise and global warming.
the gas causes Earth's temperature to rise, contributing to global warming.
the gas causes the Earth’s temperature to rise.
the gas causes the earth's temperature to rise.
the gas causes the Earth's temperature to rise as it accumulates in the atmosphere.
the gas causes the Earth's temperature to rise, causing Global warming.
the gas causes Earth's temperature to rise in a process called global warming.
the gas causes the temperature of the environment to rise through the process of global warming.
the gas causes Earth's temperature to rise in a process called global warming
the gas causes earths temperatures to rise.
the gas causes the Earth’s temperature to rise in a process called global warming.
the gas causes the earths temperature to rise.
the gas causes the Earth's temperature to rise causing global warming.
the gas causes the Earth's temperature to rise (global warming).
because the gas causes Earth's temperature to rise causing global warming.
the gas increases global warming.
the gas increases earth temperature.
the gas makes Earth's temperature's rise.
it accounts for 14.5% of the world's greenhouse gas.
it acts as a greenhouse gas, becoming stored in the atmosphere and changing the Earth's climate for the worse.
it is a green house gas and adds to global warming.
it adds to the greenhouse effect.
it adds to global warming.
it adds unwanted gases to the atmosphere, which could contribute to global warming.
it adds onto the greenhouse gas emissions causing earths temperature to rise.
it adds to the world's greenhouse gases.
it adds to the greenhouse gases that harm the ozone. .
it adds to the global warming effect.
it adds carbon to the atmospehre
it adds to greenhouse gasses in the atmosphere.
it greatly adds to the issue of global warming due to the diet of the cow creating a high concentration of methane.
it adds tons of greenhouse gasses to the atmosphere.
it adds to greenhouse gases.
it affects the quality in the air, which is part of global warming.
it affects global warming.
it affects the temperature and causes it to rise.
it burps out 30-50 gallons of the greenhouse gas methane
it burps out 30-50 gallons of the greenhouse gas methane.
it cause the earth's temperature rise in a process called global warming.
it cause the earths temperature to rise.
it cause the Earth's temperature to rise in a process known as global warming.
it can cause the earths temp to increase
it causes the earth's temperature to rise which in turn causes more natural disasters on earth.
it causes the Earths temperature to rise and global warming is the effect.
it causes the earth's temperature to rise, causing global warming.
it causes earths temperature to rise which causes global warming.
it causes Earth's temperature to rise which leads to droughts, heatwaves, and fires.
it causes the Earth's temperature to rise causing global warming.
it causes an effect of greenhouse gases.
it causes them to produce greenhouse gases that contribute to global warming.
it causes the earth temperature to change from global warming.
it causes the earths temperature to increase.
it causes Earth's temperature to rise leading to extreme weather events.
it causes the Earths temperature to rise causing Global Warming .
it causes Earths temperature to rise.
it causes temperatures to rise creating global warming .
it causes the Earth's temperature to rise.
it causes green house methane.
it causes Earth's temperature to rise.
it causes the earth's atmospheric temperature to rise.
it causes Earth's temperature to rise
it causes the Earth's temperature to rise, leading to increased occurrences of droughts, heat waves, wildfires, and floods.
it causes temperatures to rise.
it causes earth's temperature to rise leading to natural disasters.
it causes the Earth's temperature to rise and cause global warming.
it causes Earth's temperature to rise in a process called global warming.
it causes global warming
it causes the earths temperature to rise in a process called global warming.
it causes the earth's temperature to rise, resulting in global warming.
it causes the earth temperature to rise causing global warming.
it causes the Earth's temperature to rise which leads to global warming.
it causes earth's temperature to rise resulting in global warming
it causes the earth’s temperature to rise.
it causes temperatures to rise in a process called global warming.
it causes the earth's temperature to rise through the process of global warming.
it causes greenhouse gas emissions.
it causes global warming through carbon dioxide emissions.
it causes 14.5% of the world's greenhouse gases which in short means global warming.
it causes the Earth's temperature to rise in a process called global warming
it causes the Earth's temp to rise.
it causes the temperature to rise creating global warming
it causes the earth's temperature to rise resulting in global warming and extreme weather events.
it causes the greenhouse effect which raises the temperature of the earth, called global warming.
it causes the earth's temperature to rise resulting in unstable weather, such as droughts, extreme temperatures, and flooding.
it causes the Earth's temperature to rise or global warming.
it causes a greenhouse gas called methane.
it causes the earth's temperature to rise, which causes a lot of extreme weather events.
it causes the temperatures to go up.
it causes a release of methane.
it causes the temperature of the Earth to rise, resulting in global warming.
it causes the Earth's temperatures to rise.
it causes the worlds temperature to rise
it causes the temperature to raise.
it causes global warming which is linked to an increase in extreme weather events
it causes the Earth's temperature to rise in a process called Global Warming.
it causes the temperature of our planet to increase.
it causes the earths temperature to rise and cause a process called global warming.
it causes Earth's temperature to rise in a process called global warming
it causes temperature to rise, contributing to global warming.
it causes a increase in greenhouse gas which affects global warming.
it causes earth's temperature to rise, leading to global warming.
it causes the environment's temperatures to rise in a process called Global warming.
it causes greenhouse gases that lead to climate change, if we can eliminate or decrease this, it would be beneficial to all.
it causes Earth's temperature to rise in a process called "global warming".
it causes Earth's temperature to rise beyond an acceptable range.
it causes a rise in the earth's temperature
it causes earth’s temperature to rise.
it causes Earth’s temperature to increase.
it causes global warming,
it causes the earths temperature to rise.
it causes the Earth's temperature to rise as a phenomenon known as Global Warming.
it causes the earth's temperature to rise and causes global warming.
it causes 14% of all greenhouse emissions.
it causes global warming.
it causes the earths temperature to rise, therefore causing global warming.
it causes the earths temperature to rise causing global warming
it causes fumes that hurt it.
it is causing the earth's temperature to rise.
it contains greenhouse gas emissions.
it contains methane, a gas which can raise the temperature of the enviornment
it contains methane which is responsible for 14.5% of the greenhouse gas emissions.
it contains methane, a potent greenhouse gas
it contains 30-50 gallons of methane gas which caused global warming.
it contains 30-50 gallons of greenhouse gas methane.
it contribute to greenhouse gases which affects the Earth's temperature
it contributes to the global warming process.
it contributes to greenhouse gases
it contributes a large percentage of the greenhouse gases causing climate change.
it contributes to raising the earth's temperature.
it contributes to global warming issues.
it contributes to one-third of the greenhouse gas emissions caused by animal agriculture.
it contributes to thickening the atmosphere and as such it contributes to global warming
It contributes to green house gases
it contributes to the process of global warming.
it contributes to global warming and increases temperatures to create more weather influenced dangers.
it contributes to greenhouse gases.
it contributes to the greenhouse effect and the resultant global warming.
it contributes to greenhouse gas emissions that increase global warming.
it contributes to Earth's rising temperature through global warming.
it is a powerful greenhouse gas and collectively contributes to a large percentage of total greenhouse gases.
it contributes to greenhouse gas.
it contributes to greenhouse gases by 14.5%
it contributes to greenhouse gases that contribute to global warming.
it is a greenhouse gas and contributes to global warming.
it contributes 14.5% of the greenhouse gas in the environment.
it contributes to global warming
it contributes to global warming by raising the Earth's temperature.
it contributes to global warming and raising the earth's temperature.
it contributes heavily to global warming.
it's create environmental Pollution.
it create carbon dioxide.
it creates a rise in methane, which leads to increased greenhouse gases.
it creates gas that cause the rise of Earth's temperature to eventually lead towards global warming.
it creates greenhouse gases.
it creates chemicals in the air
it creates up to 50 gallons of methane daily, which contributes greatly to greenhouse gases that result in global warming.
it creates methane gas.
it creates methane.
it emits an extremely large quantity of a greenhouse gas into the atmosphere, thus warming the earth.
it exacerbates the process of global warming by increasing Earth's temperature.
it generates 30 to 50 gallons of methane daily contributing to greenhouse gases and global warming.
it generates greenhouse gas emissions.
it helps to speed up global warming
it helps the earth's temperature to rise.
it increases gas in the atmosphere that causes global warming.
it increases the earth's temperature called Global Warming.
it increases the Earth's temperature and causes global warming.
it increases the Earth's temperature and contributes to global warming.
it increases total green house gas production, negatively impacting the ozone layer and potentially increasing global warming.
because it increases greenhouse gases that increase global warming
it increases the methane in the environment.
it increases the amount of greenhouse gas in earth's atmosphere.
it increases greenhouse gas emissions, intensifying global warming.
it increases global warming as it's released into the atmosphere.
it increases the earth's temperature.
it increases Earth's temperature.
it increases the earth's temperature, therefore creating global warming.
it increases Earth temperature
it increases the earths temperature.
it increases earth temperature and causes global warming
it increases methane and causes Earth's temperature to rise in a process called global warming.
it increases greenhouse gases.
it increases greenhouse gasses and contributes to global warming.
it increases the greenhouse gases in the environment.
it increases global warming.
it increases greenhouse emissions.
it increases the effects of global warming.
it increases greenhouse gasses and global warming.
it increases earth's overall temperature causing global warming.
it increases the rate of global warming.
it increases greenhouse gas methane causing a rise in Earth's temperature.
it increases the level of greenhouse gases.
it increases the levels of the greenhouse gas methane in the rnvironment.
it increases global warming
it increases the amount of greenhouse gases which increases global warming.
it increases green house gas emissions
it keeps the greenhouse gases in the atmosphere
it leads to global warming.
it leads to global warming
it make the Earth's temperature rise, called global warming.
it makes up 14.5% of the world harmful greenhouses gasses.
it makes the temperature rise.
it produce about 14.5% of the world's greenhouse gases.
it produce 89% of gas that damage the earth, it increasing the temperature in the earth.
it produces global warming gasses.
it produces greenhouse gases that damage the ozono layer.
it produces greenhouse gases which are contributing to global warming.
it produces 30-50 gallons of greenhouse gas methane.
it produces a gas that causes global warming
it produces about 14.5% of the world's greenhouse gasses.
it produces greenhouse gases and they cause the temperature of the Earth to rise and put the environment at risk.
it produces methane, which contributes to about 14.5% of greenhouse gasses.
it produces about 14.5% of the worlds greenhouse gases which leads to global warming.
it produces greenhouse gas that is bad for the environment
it produces a greenhouse gas and warms the earth.
it produces 14.5% of the earth's greenhouse gases.
it produces greenhouse gases which causes Earth's temperature to rise in a process called global warming.
it produces about 14.5% of all greenhouse gases.
it produces green house gasses.
it produces 10% of the gas emissions.
it produces methane gas.
it produces 14.5% of greenhouse gases worldwide.
it produces greenhouses gases that harm the environment.
it produces 30 to 50 million gallons of methane.
It produces the greenhouse gases.
it produces greenhouse gases.
it produces about 14.5% of the world's greenhouse gases
it produces 3-50 gallons of greenhouse gas methane every day.
it produces methane and it contributes to the global warming.
it produces 14.5% of the worlds greenhouse gases
it produces about 14.5% of the world's greenhouse gases.
it produces much of the world's greenhouse gases.
it puts greenhouse gas emissions in the atmosphere.
it raises air temperature contributing to global warming.
it raises the Earth's temperatures.
it raises green house gases.
it raises the temperature of the earth and causes global warming.
it raises the temperature of the Earth.
it raises the temperature causing global warming.
it raises the earths temperatures
it raises greenhouse gases
it raises the Earth's temperature and causes global warming.
it raises earth's temperature through a process called global warming.
it raises the global temperature resulting in climate change.
it realeases green house methane gas.
it could reduce about one-third of greenhouse gas emissions caused by animal agriculture.
it release greenhouse gas emission in the air.
it releases CO2 into the atmosphere, contributing to global warming.
it releases methane into the atmosphere.
it releases 30-50 gallons of greenhouse gas to the environment.
it releases greenhouse gas emissions.
it releases greenhouse gases that contribute significantly to global warming.
it releases the greenhouse gas methane.
it releases methane, a greenhouse gas.
it releases greenhouse gas methane.
it releases methane into the air which adds to global warming.
It releases methane gas into our environment.
it releases a lot of methane for each cow.
it releases methane and the gas causes the earths temperature to rise.
it releases green house gas methane.
it releases methane gas.
it releases green house gases into the atmosphere which then causes the earth's temperature to rise.
it releases harmful gas.
it releases gas into the atmosphere and causes the earth's temperature to rise as part of global warming.
it releases gas that contributes to global warming.
it releases methane gas which can increase the global greenhouse effect.
it releases 30-50 gallons of methane into the atmosphere per cow.
it releases 30-50 millions tons of methane gas into the atmosphere which causes global warming.
it releases gas into the environment and can cause climate change.
it releases greenhouse gas methane which causes the earth's temperature to rise causing global warming.
it releases large amounts of carbon that is bad for our ozone layer
it releases a significant quantity of methane greenhouse gas
it releases methane gas into the atmosphere, causing global warming.
it releases greenhouse methane gases into the atmosphere which is a contributor to global warming events such as droughts, heat waves, etc.
it releases methane, a green house gas that contributes to global warming
it releases methane which is a greenhouse gas
it releases methane into the air.
it releases methane which is a greenhouse gas.
it releases 30-50 gallons of greenhouse gas methane on a daily basis.
it traps greenhouse gases.
the emissions contribute to the gas that causes global warming.
the cows' burps emit the greenhouse gas methane.
the cows emit methane when they burp.
the cows are burping green house gases.
the burps contain methane, a greenhouse case thus contributing to global warming.
the burps contain methane, a greenhouse gas, which contributes to global warming.
scientists believe that it adds 14.5% of the total methane to the atmosphere, increasing global warming.
Scientists have linked global warming to an increase
over a billion cows burp out methane gas which negatively effects the environment.
Not everyone shares Impossible Foods’ goal of ending animal agriculture.
there are so many cows and not enough solutions to prevent cows from burping so much that it harms the environment.
cows burp 30-50 gallons of methane which causes global warming.
each day every cow burps 30-50 gallons of methane that causes Earth's temperature to rise.
methane gasses cause the earth's temperature to rise, contributing to global warming.
cow burps release methane gas which causes harm to the Earth's atmosphere.
their burps release methane gas into the atmosphere, which in turn contributes to global warming.
the burps release methane gas, which warms the earth's temperature.
methane gas from the burps causes the earth's temperature to rise.
methane gas causes Earth's temperature to rise in a process called global warming.
methane gas is a greenhouse gas and it causes the Earth's temperature to rise in a process called global warming.
methane gas causes the Earth to heat up a process called Global Warming.
methane gas worsens the greenhouse effect and hastens the onset of global warming.
burps out 30-50 gallons of the greenhouse gas methane and that causes global warming.
causes Earth's temperature to rise in a process called global warming.
causes the Earths temperature to rise creating global warming.
increases co2 in the atmosphere.
raises the temperature.
reduce about one-third of greenhouse gas emissions caused by animal agriculture.
methane is a greenhouse gas, further accelerating the greenhouse effect.
methane adds to the greenhouse effect and increases global warming.
that methane burns holes into the lining of the atmosphere allowing our oxygen to escape.
methane causes the Earth's temperature to rise which contributes to global warming.
methane causes temperatures to rise.
methane causes the earth's temperature to rise
methane causes the Earth's temperature to rise.
methane causes global warming.
methane causes the Earth’s temperature to rise.
methane causes the earth's temperature to rise known as global warming.
methane causes Earth's temperature to rise.
methane causes the earth's temperature to rise in a process called global warming.
methane is a greenhouse gas and causes global warming.
methane causes the earth's temperature to rise, which scientists have linked to an increase in extreme weather events.
methane causes Earth's temperature to rise in a process called global warming.
metahane causes the Earth's temperature to rise causing global warming.
methane causes tbe global temperature to rise
methane causes global warming
methane causes the temperature of the earth to rise causing global warming.
cows burp methane, and methane causes the temperature of the earth to rise.
methane causes the earth to tempature rise causing global warming.
methane is a greenhouse gas and contributes to global warming.
methane contributes to Global Warming.
methane contributes to global warning which leads to extreme weather events.
methane contributes to global warming which is negatively affecting out planet.
methane contributes to rising temperature on Earth, global warming.
methane contributes to a process called,"Global Warming".
methane is a greenhouse gas and it contributes to global warming.
methane contributes to climate change.
methane contributes to global warming, which in turn leads to an increase in extreme weather events.
it is a "greenhouse gas" that many believe is a contributing factor in global warming.
it and other agricultural animal adds to 14.5% of the world's greenhouse gases.
IT causes the greenhouse gases
It causes the temperature of the earth to rise.
IT CONTRIBUTES TO GLOBAL WARMING.
it makes earths temperature rise the effect is called global warming.
his gas causes Earth's temperature to rise in a process called global warming.
it is a major contributor to greenhouse gases; this increase leads to major environmental issues, as global warming and intense storms,
cow burps release harmful greenhouse gases that contribute to global warming.
it is part of greenhouse gasses that help contribute to climate change and global warming, which increases extreme weather such as droughts, wildfires, and floods
greenhouse gasses speed up global warming.
it a large contributor to greenhouse gases that influence climate change.
these greenhouse gases are a big factor in global warming, which is causing droughts, heat waves, wildfires, and floods.
global warming increases extreme weather events such as droughts, heat waves, wildfires, and floods.
gas causes Earth's temperature to rise in a process called global warming.
gas causes earth's temperatures to rise in an effect called global warming.
gas causes Earth's temperature to rise in a process called global warming
30-50 gallons of the greenhouse gas methane is emitted from this process which causes the Earth's temperature to rise contributing to global warming.
the amount of methane released from the world's 1.5 billion cows is 30-50 gallons of methane gas every day.
methane is released from the cow.
of what farmers feed them.
ethane causes global warming which is bad for the planet in many ways.
each of the world's 1.5 billion cows burps out 30-50 gallons of the green house gas each day, causing the temperature of the Earth to rise, speeding the process of global warming.
each of the world’s 1.5 billion cows burp out 30-50 gallons of the greenhouse gas methane, causing Earth's temperature to rise, in a process called global warming.
Every day, each of the world’s 1.5 billion cows burps out 30-50 gallons of the greenhouse gas methane which produce about 14.5% of the world's greenhouse gases.
each of the world’s 1.5 billion cows burps out 30-50 gallons of the greenhouse gas methane.
each of the world’s 1.5 billion cows burps out 30-50 gallons of the greenhouse gas methane every day which causes the Earth's temperature to rise.
every day each of the world’s 1.5 billion cows burps out methane.
each of the world’s 1.5 billion cows burps out 30-50 gallons of the greenhouse gas methane, which causes Earth's temperature to rise in a process called global warming.
each cow on the planet burps out up to 50 gallons of methane a day, a gas which leads to the greenhouse effects harm.
each cow belches approximately 50 gallons of methane per year which contributes to air pollution as well as global warming.
each cow burps 30-50 gallons of methane daily.
each cow "burps out" about 40 gallons or more of methane gas a day, and methane gas is one cause of the greenhouse effect.
each cow burps several gallons of gas that contribute to global warming.
each burp contains an unbelievable volumn of methan gas, a gas associated with global warming.
each burb produces the greenhouse gas methane.
with the amount of cows on this planet, they aid in global warming.
cows burp out the greenhouse gas methane which causes the earth's temperature to rise in what we call global warming
when cows burp each add 30-50 gallons of methane gas per day to the atmosphere which contributes to the greenhowse effect and contributes to global warming.
cows burp 30 to 50 gallons of the greenhouse gas methane which causes a rise in global warming.
cows burp about 30-50 gallons of methane gas into the atmosphere each day.
cows burping it
cows burps out 30-50 gallons of the greenhouse gas methane.
cows burps out 30-50 gallons of the greenhouse gas methane and this gas causes Earth's temperature to rise in a process called global warming.
every day, cows burps out greenhouse gas methane that causes Earth's temperature to rise in a process called global warming.
cows burps out 30-50 gallons of the greenhouse gas methane, this gas causes Earth's temperature to rise in a process called global warming.
cows consume seaweed as part of their diets
cows produce 14.5% of the worlds methane gases.
cow burps and other animal agriculture practices produce about 14.5% of the world’s greenhouse gases which contribute to global warming.
the burps account for 30-50 gallons of additional methane, a greenhouse gas, emissions.
they account for 14.5% of greenhouse gas.
they add 14.5% of the greenhouse gasses to the environment.
they add to greenhouse gases, which contribute to global warming.
they add to global warming by introducing more methane gas.
they burp out greenhouse gas that raises the temperature of the earth.
they burp out a greenhouse gas that contributes to global warming.
they burp methane gas.
they burp out 30-50 gallons of the greenhouse gas methane.
they burp out 30-50 gallons of greenhouse gas methane which causes the earth's temperature to rise.
they burp out gallons of greenhouse gas methane to harm ozone layer
they burp out 30-50 gallons a piece, total this is 14.5 of all greenhouse gas emissions.
they burp out 30-50 gallons of the greenhouse gas each day and that causes the temperature to rise on earth.
the gas they burp is causing the Earth's temperature to rise.
every day they burp out 30-50 gallons of greenhouse gas methane and this gas causes the Earth's temperature to rise.
they burp out greenhouse gas methane which causes the Earth's temperature to rise.
they burp out 30-50 gallons of this greenhouse gas which causes Earth's temperature to rise from global warming.
they burp out great amounts of methane gas which aids in global warming.
each day they burp out 30-50 gallons of the greenhouse gas methane which damages the ozone layer.
they burp out 30-50 gallons of methane a day.
their burping causes methane gas to be released.
they cause methane gas production
they cause green house gas
they cause the Earth's temperature to rise
they cause the earth's temperature to rise, which leads to global warming.
the cow burps ultimately cause global warming.
they cause the earths temperature to rise from emitting greenhouse gases.
they cause greenhouse gases to rise.
they cause the temperature of the world to rise during global warming.
they cause global warming
the burps cause the temperature to rise.
the Methane causes the temperature to rise increasing greenhouse gas emmissions.
they contain 14.5% of the greenhouse gas methane emitted into the environment.
they contain methane which results in the Earth’s temperature rising through the process of global warming.
their burps contain methane.
the burps contain a lot of methane, a green house gas.
cow burps contain methane and methane is a major factor in climate change.
cow burps contain methane a gas that causes cliate warming
they contains world's Greenhouse gases.
they contribute to 14.5% of greenhouse gas emissions.
they contribute to global warming, which is linked to erratic and dangerous weather patterns.
they contribute to greenhouse gases.
they contribute to global warming.
they contribute to a rise in temperature called global warming, which cause many environmental problems.
they contribute to the world's greenhouse gases.
they are contributing to global warming.
they create Greenhouse Gases
they emit 14.5% of the greenhouse gasses.
of the greenhouse gas they emit into the atmosphere.
they emits greenhouse gases (estimated about 15%) and contribute to global warming.
they facilitate the effect of global warming.
of the grass they feed off of.
they increase greenhouse gases and contribute to global warming.
they lead to greater global warming which causes harsher weather conditions.
They predict that as Earth’s temperature rises.
they produce about 14.5% of the world's greenhouse gases.
they produce about 14.5% of the world's greenhouse gases
they produce 30.50 gallons of Greenhouse gas.
they produce 14.5% greenhouse gas.
they produce Greenhouse gases.
they produce the greenhouse gas methane.
the burps produce about 14.5% of the world's greenhouse gases.
they produce 14.5 % of the world's greenhouse gases
they produce greenhouse gaees.
they produce methane gas that cause global warming.
the burps produce methane gas.
they produce greenhouse gas
they produce 30-50 gallons of methane gas which cause the earths temperature to rise.
they put out methane gas.
the burps release 30 to 50 gallons of methane.
those burps release 30-50 gallons of methane which causes the Earth's temperature to rise.
they release just under 15% of all greenhouse gasses, which contribute to climate change.
they release 30-50 gallons of methane... per day, which is a massive amount.
they release 30 to 50 gallons of methane everyday.
they release green house gas emissions.
they release methane gas, adding to global warming.
they release the greenhouse gas methane.
they release green house gases.
they release enough methane to account for more than fourteen percent of the earths greenhouse gasses.
they release methane.
they release large amounts of methane, which is a powerful greenhouse gas.
they apparently release green house gasses into the atmosphere
they release methane gas.
they release methane into the atmosphere at a high rate.
they release co2
they're releasing methane gases which arm the environment.
cow burp out 30-50 gallons of greenhouse gas methane, causing the earth's temperature to rise.
methane is a greenhouse gas, which is a leading cause in global warming.
methane is a greenhouse gas that is believed by many to potentially cause global warming.
burps contain methane which causes global warming.
burps produce about 14.5% of the world's greenhouse gases.
it is linked.to an increase in global warming which causes more severe weather events.
about 1.5 billion cows produce 30-50 gallons of greenhouse gas methane this way.
methane is a greenhouse gas, which is a type of gas that causes the Earth's temperature to rise in a process called global warming.
it it is a significant source that causes temperatures to rise, creating global warming.
methane is a greenhouse-gas, excessive amounts of which contributes to global warming.
methane is a greenhouse gas which causes Earth's temperature to rise.
it is a greenhouse gas, which contributes to global warming.
it is a greenhouse gas which contributes to global warming
it is a greenhouse gas which is leading to the warming of our planet
methane is a greenhouse gas, which means it contributes to global warming.
it is a greenhouse gas that can cause global warming.
methane is a greenhouse gas that causes the earth's temperature to rise.
cows burp methane, which is a greenhouse gas that causes the earth's temperature to rise and that rising temperature is called global warming.
it is a greenhouse gas that causes the Earth's temperature to rise, leading to global warming.
methane is a greenhouse gas that causes the earth to warm.
methane is a greenhouse gas that causes global warming
methane is a greenhouse gas that contributes to global warming.
it is a greenhouse gas that contributes to global warming.
it is a greenhouse gas that contributes significantly to global warming and thus, climate change
it is a greenhouse gas that contributes to global warming and the effect is drastic because 1.5 billion cows are producing 30-50 gallons of methane each day.
methane is a greenhouse gas that contributes to the rising of Earth's temperature which in turn causes severe weather around the world.
methane is a greenhouse gas that heavily contributes to global warming.
it is a greenhouse gas that helps raise global temperatures.
methane is a greenhouse gas that leads to global warming.
methane is a greenhouse gas that traps heat in the atmosphere.
methane is a greenhouse gas that traps heat and causes global warming.
it is a greenhouse gas contributing to global climate change.
methane is a green house gas that contributes to rising temperatures which contribute to extreme events like wildfires and droughts.
it is a greenhouse gas, a gas that causes the Earth's temperature to rise - global warming.
methane is a gas that causes Earth's temperature to rise, a process called global warming.
it is a gas that contributes to global warming.
methane is a gas that contributes to global warming.
it is a gas creating a greenhouse effect, which in turn causes global warming.
every day a cow burps out 30-50 gallons of the greenhouse gas methane.
a cow generates up to 50 gallons of methane, which increases global warming.
- Every time a cow burps or passes gas, a little puff of methane wafts ... added together, can have a big effect on climate because methane is a ...
- Every time a cow burps or passes gas, a little puff of methane wafts ... added together, can have a big effect on climate because methane is a .
as a collective 1.5ish million cows release 30-50 gallons of greenhouse gases (approximately 14% of all greenhouse gases) that contribute to global warming.
1.5 billion cows burp out 30-50 gallons of methane which is a greenhouse gas thus warming the atmosphere
every day, 1.5 billion cows burp 30-50 gallons of methane which raises the Earth's temperature via global warming.
1.5 billion cows burping produces a lot of methane, and methane is a greenhouse gas.
1.5 billion cows burps out 30-50 gallons of the greenhouse gas methane.
1.5 billion cows release 30-50 gallons of greenhouse gas methane when they burp into the environment and this contributes to global warming.
it accumulates in the atmosphere and traps in heat, leading to global warming.
it is a greenhouse gas that accumulates in the atmosphere.
it is a greenhouse gas attributed to global warming.
EARTHS TEMPERATURE IS RISING AND THIS WILL BECOME MORE COMMON AND PRODUCE 14.5% OF THE WORLD'S GREENHOUSE GASES
thats not good
after time is causes the global warming from the 30-50 pounds of greenhouse methane gas.
is causes the temperature of the earth to rise.
the gas coming from the cows can cause the Earth's temperature to rise.
it is considered a greenhouse gas that contributes to global temperature increases.
research into methods of cutting down the amount of methane that cows emit is only just beginning.
the greenhouse gasses emitted get trapped in the atmosphere and raise the temperature of Earth.
methane gas is emitted, which results in increased global warming.
of the greenhouse gasses emitted.
the methane exhaled contributes to global warming.
the gas expelled, methane, causes a greenhouse effect which adversely effects the Earth's temperature.
it gets trapped in the Earth's atmosphere and has been linked to global warming.
it the temperature to go up.
it goes into the atmosphere and causes global warming.
it has been linked to global warming.
methane is linked to global warming.
greehouse gas methane produced which cause Earth's temperature rising (global warming)
30-50 gallons of the greenhouse gas methane is produced every day, which contributes to global warming.
the methane produced is such a quantity that it causes temperatures to rise.
the methane produced from cow burps cause a rise in the earth's temperature.
cow burping and other aspects of animal agriculture, the practice of raising animals for food purposes, produce about 14.5% of the world's greenhouse gases.
gasses are released and become trapped in the atmosphere causing increasing global temperatures.
the methane is released into the atmosphere and it contributes to global warming creating weather extremes around the world.
when released it causes earths temperature to rise, known as global warming.
these gases released make up about 14% of total green house gas emissions causing global temperatures to rise.
the methane released leads to a rise in temperature in a process called global warming.
the gas released causes the Earth's temperature to rise, thus leading to global warming
the gases released contain methane which is harmful to the environment.
of their diet which can be remedied with adding seaweed to their diet.
it results in global warming.
Earth's temperature to rise in a process called global warming.
of the vast amount it that cause's the Earth's temperature to rise.
Earth's temperature will rise in a process called global warming
the planet's temperature rises
earth's temperature rises in a process called global warming.
methane gas causes temperature rises which contributes to global warming.
of the earth's temperature is rising
it is said to release 30-50gallons of methane gas per cow.
30-50 gallons of the greenhouse gas methane are submitted.
of the large number of cows being used in agriculture; the sheer volume of animals being bred specifically for eating increases the overall methane they produce, which contributes
its a greenhouse gas.
of the greenhouse gas.
extreme weather events such as heatwaves and floods
methane is a greenhouse gas
methane is bad for the environment.
it has an affect on global warming.
gases such as this contribute to global warming
of methane gas
it is a greenhouse gas.
methane is a greenhouse gas.
its a harmful greenhouse gas.
it's a harmful greenhouse gas.
increase in extreme weather events such as droughts, heat waves, wildfires, and floods.
Methane is bad for the internment in such high quantities.
that is global warming sign
environment is first.
cows burp 30-50 gallons of methane gas.
their burps release greenhouse methane gas.
the nice.
the emit the greenhouse gas methane.
of the greenhouse gas methane.
methane is an important greenhouse gas.
of the green house gas effect in terms of global warming.
is information is right
the burps release methane which is a greenhouse gas.
it is one of the causes of global warming.
it is a large chunk of the worlds greenhouse gases
the release of methane contributes to global warming.
the contribute to greenhouse emissions
releases greenhouse gases.
gas emmition
they are a greenhouse gas.
methane is responsible for global warming, and the earth's 1.5 billion cows burp between 30-50 gallons of methane per day.
Not everyone.
that is responsible for one-third of greenhouse gas emissions
it is a cause of global warming.
it is a chemical
methane is a potential greenhouse gas.
methane aids in global warming
each of the 1.5 million cows on the planet release about 30-40 pounds of methane per day.
a cow does on overage release between 70 and 120 kg of Methane per year
it is a greenhouse gas
there are a large amount of cows and thus all together the methane is a very substantial amount.
it's a potent greenhouse gas.
it is a major contributor to global warming.
are part of the cause and rise of greenhouse gasses.
it is a chemical.
is good environement
